date,jackpot_winner,jnum_1,jwinner_1,jnum_2,jwinner_2,jnum_3,jwinner_3,jnum_4,jwinner_4,j_amt_col,j_num_col
9/6/96,[''],,,,,,,,,0,0
9/13/96,[''],,,,,,,,,0,0
9/20/96,[''],,,,,,,,,0,0
9/27/96,[''],,,,,,,,,0,0
10/4/96,[''],,,,,,,,,0,0
10/11/96,[''],,,,,,,,,0,0
10/18/96,[''],,,,,,,,,0,0
10/25/96,[''],,,,,,,,,0,0
11/1/96,[''],,,,,,,,,0,0
11/8/96,[''],,,,,,,,,0,0
11/15/96,[''],,,,,,,,,0,0
11/22/96,[''],,,,,,,,,0,0
11/29/96,[''],,,,,,,,,0,0
12/6/96,[''],,,,,,,,,0,0
12/13/96,[''],,,,,,,,,0,0
12/20/96,[''],,,,,,,,,0,0
12/27/96,[''],,,,,,,,,0,0
1/3/97,[''],,,,,,,,,0,0
1/10/97,[''],,,,,,,,,0,0
1/17/97,[''],,,,,,,,,0,0
1/24/97,[''],,,,,,,,,0,0
1/31/97,[''],,,,,,,,,0,0
2/7/97,[''],,,,,,,,,0,0
2/14/97,[''],,,,,,,,,0,0
2/21/97,[''],,,,,,,,,0,0
2/28/97,[''],,,,,,,,,0,0
3/7/97,[''],,,,,,,,,0,0
3/14/97,[''],,,,,,,,,0,0
3/21/97,[''],,,,,,,,,0,0
3/28/97,[''],,,,,,,,,0,0
4/4/97,[''],,,,,,,,,0,0
4/11/97,[''],,,,,,,,,0,0
4/18/97,[''],,,,,,,,,0,0
4/25/97,[''],,,,,,,,,0,0
5/2/97,[''],,,,,,,,,0,0
5/9/97,[''],,,,,,,,,0,0
5/16/97,[''],,,,,,,,,0,0
5/23/97,[''],,,,,,,,,0,0
5/30/97,[''],,,,,,,,,0,0
6/6/97,[''],,,,,,,,,0,0
6/13/97,[''],,,,,,,,,0,0
6/20/97,[''],,,,,,,,,0,0
6/27/97,[''],,,,,,,,,0,0
7/4/97,[''],,,,,,,,,0,0
7/11/97,[''],,,,,,,,,0,0
7/18/97,[''],,,,,,,,,0,0
7/25/97,[''],,,,,,,,,0,0
8/1/97,[''],,,,,,,,,0,0
8/8/97,[''],,,,,,,,,0,0
8/15/97,[''],,,,,,,,,0,0
8/22/97,[''],,,,,,,,,0,0
8/29/97,[''],,,,,,,,,0,0
9/5/97,[''],,,,,,,,,0,0
9/12/97,[''],,,,,,,,,0,0
9/19/97,[''],,,,,,,,,0,0
9/26/97,[''],,,,,,,,,0,0
10/3/97,[''],,,,,,,,,0,0
10/10/97,[''],,,,,,,,,0,0
10/17/97,[''],,,,,,,,,0,0
10/24/97,[''],,,,,,,,,0,0
10/31/97,[''],,,,,,,,,0,0
11/7/97,[''],,,,,,,,,0,0
11/14/97,[''],,,,,,,,,0,0
11/21/97,[''],,,,,,,,,0,0
11/28/97,[''],,,,,,,,,0,0
12/5/97,[''],,,,,,,,,0,0
12/12/97,[''],,,,,,,,,0,0
12/19/97,[''],,,,,,,,,0,0
12/26/97,[''],,,,,,,,,0,0
1/2/98,[''],,,,,,,,,0,0
1/9/98,[''],,,,,,,,,0,0
1/16/98,[''],,,,,,,,,0,0
1/23/98,[''],,,,,,,,,0,0
1/30/98,[''],,,,,,,,,0,0
2/6/98,[''],,,,,,,,,0,0
2/10/98,[''],,,,,,,,,0,0
2/13/98,[''],,,,,,,,,0,0
2/17/98,[''],,,,,,,,,0,0
2/20/98,[''],,,,,,,,,0,0
2/24/98,[''],,,,,,,,,0,0
2/27/98,[''],,,,,,,,,0,0
3/3/98,[''],,,,,,,,,0,0
3/6/98,[''],,,,,,,,,0,0
3/10/98,[''],,,,,,,,,0,0
3/13/98,[''],,,,,,,,,0,0
3/17/98,[''],,,,,,,,,0,0
3/20/98,[''],,,,,,,,,0,0
3/24/98,[''],,,,,,,,,0,0
3/27/98,[''],,,,,,,,,0,0
3/31/98,[''],,,,,,,,,0,0
4/3/98,[''],,,,,,,,,0,0
4/7/98,[''],,,,,,,,,0,0
4/10/98,[''],,,,,,,,,0,0
4/14/98,[''],,,,,,,,,0,0
4/17/98,[''],,,,,,,,,0,0
4/21/98,[''],,,,,,,,,0,0
4/24/98,[''],,,,,,,,,0,0
4/28/98,[''],,,,,,,,,0,0
5/1/98,[''],,,,,,,,,0,0
5/5/98,[''],,,,,,,,,0,0
5/8/98,[''],,,,,,,,,0,0
5/12/98,[''],,,,,,,,,0,0
5/15/98,[''],,,,,,,,,0,0
5/19/98,[''],,,,,,,,,0,0
5/22/98,[''],,,,,,,,,0,0
5/26/98,[''],,,,,,,,,0,0
5/29/98,[''],,,,,,,,,0,0
6/2/98,[''],,,,,,,,,0,0
6/5/98,[''],,,,,,,,,0,0
6/9/98,[''],,,,,,,,,0,0
6/12/98,[''],,,,,,,,,0,0
6/16/98,[''],,,,,,,,,0,0
6/19/98,[''],,,,,,,,,0,0
6/23/98,[''],,,,,,,,,0,0
6/26/98,[''],,,,,,,,,0,0
6/30/98,[''],,,,,,,,,0,0
7/3/98,[''],,,,,,,,,0,0
7/7/98,[''],,,,,,,,,0,0
7/10/98,[''],,,,,,,,,0,0
7/14/98,[''],,,,,,,,,0,0
7/17/98,[''],,,,,,,,,0,0
7/21/98,[''],,,,,,,,,0,0
7/24/98,[''],,,,,,,,,0,0
7/28/98,[''],,,,,,,,,0,0
7/31/98,[''],,,,,,,,,0,0
8/4/98,[''],,,,,,,,,0,0
8/7/98,[''],,,,,,,,,0,0
8/11/98,[''],,,,,,,,,0,0
8/14/98,[''],,,,,,,,,0,0
8/18/98,[''],,,,,,,,,0,0
8/21/98,[''],,,,,,,,,0,0
8/25/98,[''],,,,,,,,,0,0
8/28/98,[''],,,,,,,,,0,0
9/1/98,[''],,,,,,,,,0,0
9/4/98,[''],,,,,,,,,0,0
9/8/98,[''],,,,,,,,,0,0
9/11/98,[''],,,,,,,,,0,0
9/15/98,[''],,,,,,,,,0,0
9/18/98,[''],,,,,,,,,0,0
9/22/98,[''],,,,,,,,,0,0
9/25/98,[''],,,,,,,,,0,0
9/29/98,[''],,,,,,,,,0,0
10/2/98,[''],,,,,,,,,0,0
10/6/98,[''],,,,,,,,,0,0
10/9/98,[''],,,,,,,,,0,0
10/13/98,[''],,,,,,,,,0,0
10/16/98,[''],,,,,,,,,0,0
10/20/98,[''],,,,,,,,,0,0
10/23/98,[''],,,,,,,,,0,0
10/27/98,[''],,,,,,,,,0,0
10/30/98,[''],,,,,,,,,0,0
11/3/98,[''],,,,,,,,,0,0
11/6/98,[''],,,,,,,,,0,0
11/10/98,[''],,,,,,,,,0,0
11/13/98,[''],,,,,,,,,0,0
11/17/98,[''],,,,,,,,,0,0
11/20/98,[''],,,,,,,,,0,0
11/24/98,[''],,,,,,,,,0,0
11/27/98,[''],,,,,,,,,0,0
12/1/98,[''],,,,,,,,,0,0
12/4/98,[''],,,,,,,,,0,0
12/8/98,[''],,,,,,,,,0,0
12/11/98,[''],,,,,,,,,0,0
12/15/98,[''],,,,,,,,,0,0
12/18/98,[''],,,,,,,,,0,0
12/22/98,[''],,,,,,,,,0,0
12/25/98,[''],,,,,,,,,0,0
12/29/98,[''],,,,,,,,,0,0
1/1/99,[''],,,,,,,,,0,0
1/5/99,[''],,,,,,,,,0,0
1/8/99,[''],,,,,,,,,0,0
1/12/99,[''],,,,,,,,,0,0
1/15/99,[''],,,,,,,,,0,0
1/19/99,[''],,,,,,,,,0,0
1/22/99,[''],,,,,,,,,0,0
1/26/99,[''],,,,,,,,,0,0
1/29/99,[''],,,,,,,,,0,0
2/2/99,[''],,,,,,,,,0,0
2/5/99,[''],,,,,,,,,0,0
2/9/99,[''],,,,,,,,,0,0
2/12/99,[''],,,,,,,,,0,0
2/16/99,[''],,,,,,,,,0,0
2/19/99,[''],,,,,,,,,0,0
2/23/99,[''],,,,,,,,,0,0
2/26/99,[''],,,,,,,,,0,0
3/2/99,[''],,,,,,,,,0,0
3/5/99,[''],,,,,,,,,0,0
3/9/99,[''],,,,,,,,,0,0
3/12/99,[''],,,,,,,,,0,0
3/16/99,[''],,,,,,,,,0,0
3/19/99,[''],,,,,,,,,0,0
3/23/99,[''],,,,,,,,,0,0
3/26/99,[''],,,,,,,,,0,0
3/30/99,[''],,,,,,,,,0,0
4/2/99,[''],,,,,,,,,0,0
4/6/99,[''],,,,,,,,,0,0
4/9/99,[''],,,,,,,,,0,0
4/13/99,[''],,,,,,,,,0,0
4/16/99,[''],,,,,,,,,0,0
4/20/99,[''],,,,,,,,,0,0
4/23/99,[''],,,,,,,,,0,0
4/27/99,[''],,,,,,,,,0,0
4/30/99,[''],,,,,,,,,0,0
5/4/99,[''],,,,,,,,,0,0
5/7/99,[''],,,,,,,,,0,0
5/11/99,[''],,,,,,,,,0,0
5/14/99,[''],,,,,,,,,0,0
5/18/99,[''],,,,,,,,,0,0
5/21/99,[''],,,,,,,,,0,0
5/25/99,[''],,,,,,,,,0,0
5/28/99,[''],,,,,,,,,0,0
6/1/99,[''],,,,,,,,,0,0
6/4/99,[''],,,,,,,,,0,0
6/8/99,[''],,,,,,,,,0,0
6/11/99,[''],,,,,,,,,0,0
6/15/99,[''],,,,,,,,,0,0
6/18/99,[''],,,,,,,,,0,0
6/22/99,[''],,,,,,,,,0,0
6/25/99,[''],,,,,,,,,0,0
6/29/99,[''],,,,,,,,,0,0
7/2/99,[''],,,,,,,,,0,0
7/6/99,[''],,,,,,,,,0,0
7/9/99,[''],,,,,,,,,0,0
7/13/99,[''],,,,,,,,,0,0
7/16/99,[''],,,,,,,,,0,0
7/20/99,[''],,,,,,,,,0,0
7/23/99,[''],,,,,,,,,0,0
7/27/99,[''],,,,,,,,,0,0
7/30/99,[''],,,,,,,,,0,0
8/3/99,[''],,,,,,,,,0,0
8/6/99,[''],,,,,,,,,0,0
8/10/99,[''],,,,,,,,,0,0
8/13/99,[''],,,,,,,,,0,0
8/17/99,[''],,,,,,,,,0,0
8/20/99,[''],,,,,,,,,0,0
8/24/99,[''],,,,,,,,,0,0
8/27/99,[''],,,,,,,,,0,0
8/31/99,[''],,,,,,,,,0,0
9/3/99,[''],,,,,,,,,0,0
9/7/99,[''],,,,,,,,,0,0
9/10/99,[''],,,,,,,,,0,0
9/14/99,[''],,,,,,,,,0,0
9/17/99,[''],,,,,,,,,0,0
9/21/99,[''],,,,,,,,,0,0
9/24/99,[''],,,,,,,,,0,0
9/28/99,[''],,,,,,,,,0,0
10/1/99,[''],,,,,,,,,0,0
10/5/99,[''],,,,,,,,,0,0
10/8/99,[''],,,,,,,,,0,0
10/12/99,[''],,,,,,,,,0,0
10/15/99,[''],,,,,,,,,0,0
10/19/99,[''],,,,,,,,,0,0
10/22/99,[''],,,,,,,,,0,0
10/26/99,[''],,,,,,,,,0,0
10/29/99,[''],,,,,,,,,0,0
11/2/99,[''],,,,,,,,,0,0
11/5/99,[''],,,,,,,,,0,0
11/9/99,[''],,,,,,,,,0,0
11/12/99,[''],,,,,,,,,0,0
11/16/99,[''],,,,,,,,,0,0
11/19/99,[''],,,,,,,,,0,0
11/23/99,[''],,,,,,,,,0,0
11/26/99,[''],,,,,,,,,0,0
11/30/99,[''],,,,,,,,,0,0
12/3/99,[''],,,,,,,,,0,0
12/7/99,[''],,,,,,,,,0,0
12/10/99,[''],,,,,,,,,0,0
12/14/99,[''],,,,,,,,,0,0
12/17/99,[''],,,,,,,,,0,0
12/21/99,[''],,,,,,,,,0,0
12/24/99,[''],,,,,,,,,0,0
12/28/99,[''],,,,,,,,,0,0
12/31/99,[''],,,,,,,,,0,0
1/4/00,[''],,,,,,,,,0,0
1/7/00,[''],,,,,,,,,0,0
1/11/00,[''],,,,,,,,,0,0
1/14/00,[''],,,,,,,,,0,0
1/18/00,[''],,,,,,,,,0,0
1/21/00,[''],,,,,,,,,0,0
1/25/00,[''],,,,,,,,,0,0
1/28/00,[''],,,,,,,,,0,0
2/1/00,[''],,,,,,,,,0,0
2/4/00,[''],,,,,,,,,0,0
2/8/00,[''],,,,,,,,,0,0
2/11/00,[''],,,,,,,,,0,0
2/15/00,[''],,,,,,,,,0,0
2/18/00,[''],,,,,,,,,0,0
2/22/00,[''],,,,,,,,,0,0
2/25/00,[''],,,,,,,,,0,0
2/29/00,[''],,,,,,,,,0,0
3/3/00,[''],,,,,,,,,0,0
3/7/00,[''],,,,,,,,,0,0
3/10/00,[''],,,,,,,,,0,0
3/14/00,[''],,,,,,,,,0,0
3/17/00,[''],,,,,,,,,0,0
3/21/00,[''],,,,,,,,,0,0
3/24/00,[''],,,,,,,,,0,0
3/28/00,[''],,,,,,,,,0,0
3/31/00,[''],,,,,,,,,0,0
4/4/00,[''],,,,,,,,,0,0
4/7/00,[''],,,,,,,,,0,0
4/11/00,[''],,,,,,,,,0,0
4/14/00,[''],,,,,,,,,0,0
4/18/00,[''],,,,,,,,,0,0
4/21/00,[''],,,,,,,,,0,0
4/25/00,[''],,,,,,,,,0,0
4/28/00,[''],,,,,,,,,0,0
5/2/00,[''],,,,,,,,,0,0
5/5/00,[''],,,,,,,,,0,0
5/9/00,[''],,,,,,,,,0,0
5/12/00,[''],,,,,,,,,0,0
5/16/00,[''],,,,,,,,,0,0
5/19/00,[''],,,,,,,,,0,0
5/23/00,[''],,,,,,,,,0,0
5/26/00,[''],,,,,,,,,0,0
5/30/00,[''],,,,,,,,,0,0
6/2/00,[''],,,,,,,,,0,0
6/6/00,[''],,,,,,,,,0,0
6/9/00,[''],,,,,,,,,0,0
6/13/00,[''],,,,,,,,,0,0
6/16/00,[''],,,,,,,,,0,0
6/20/00,[''],,,,,,,,,0,0
6/23/00,[''],,,,,,,,,0,0
6/27/00,[''],,,,,,,,,0,0
6/30/00,[''],,,,,,,,,0,0
7/4/00,[''],,,,,,,,,0,0
7/7/00,[''],,,,,,,,,0,0
7/11/00,[''],,,,,,,,,0,0
7/14/00,[''],,,,,,,,,0,0
7/18/00,[''],,,,,,,,,0,0
7/21/00,[''],,,,,,,,,0,0
7/25/00,[''],,,,,,,,,0,0
7/28/00,[''],,,,,,,,,73000000,1
8/1/00,[''],,,,,,,,,0,0
8/4/00,[''],,,,,,,,,0,0
8/8/00,[''],,,,,,,,,0,0
8/11/00,[''],,,,,,,,,0,0
8/15/00,[''],,,,,,,,,0,0
8/18/00,[''],,,,,,,,,0,0
8/22/00,[''],,,,,,,,,0,0
8/25/00,[''],,,,,,,,,0,0
8/29/00,[''],,,,,,,,,0,0
9/1/00,[''],,,,,,,,,0,0
9/5/00,[''],,,,,,,,,0,0
9/8/00,[''],,,,,,,,,0,0
9/12/00,[''],,,,,,,,,63000000,1
9/15/00,[''],,,,,,,,,0,0
9/19/00,[''],,,,,,,,,0,0
9/22/00,[''],,,,,,,,,0,0
9/26/00,[''],,,,,,,,,0,0
9/29/00,[''],,,,,,,,,0,0
10/3/00,[''],,,,,,,,,0,0
10/6/00,[''],,,,,,,,,0,0
10/10/00,[''],,,,,,,,,0,0
10/13/00,[''],,,,,,,,,0,0
10/17/00,[''],,,,,,,,,39000000,1
10/20/00,[''],,,,,,,,,0,0
10/24/00,[''],,,,,,,,,0,0
10/27/00,[''],,,,,,,,,0,0
10/31/00,[''],,,,,,,,,0,0
11/3/00,[''],,,,,,,,,0,0
11/7/00,[''],,,,,,,,,0,0
11/10/00,[''],,,,,,,,,0,0
11/14/00,[''],,,,,,,,,0,0
11/17/00,[''],,,,,,,,,0,0
11/21/00,[''],,,,,,,,,0,0
11/24/00,[''],,,,,,,,,0,0
11/28/00,[''],,,,,,,,,43000000,1
12/1/00,[''],,,,,,,,,0,0
12/5/00,[''],,,,,,,,,0,0
12/8/00,[''],,,,,,,,,0,0
12/12/00,[''],,,,,,,,,0,0
12/15/00,[''],,,,,,,,,0,0
12/19/00,[''],,,,,,,,,0,0
12/22/00,[''],,,,,,,,,0,0
12/26/00,[''],,,,,,,,,0,0
12/29/00,[''],,,,,,,,,0,0
1/2/01,[''],,,,,,,,,0,0
1/5/01,[''],,,,,,,,,0,0
1/9/01,[''],,,,,,,,,0,0
1/12/01,[''],,,,,,,,,0,0
1/16/01,[''],,,,,,,,,0,0
1/19/01,[''],,,,,,,,,0,0
1/23/01,[''],,,,,,,,,0,0
1/26/01,[''],,,,,,,,,0,0
1/30/01,[''],,,,,,,,,103000000,1
2/2/01,[''],,,,,,,,,0,0
2/6/01,[''],,,,,,,,,0,0
2/9/01,[''],,,,,,,,,10000000,1
2/13/01,[''],,,,,,,,,0,0
2/16/01,[''],,,,,,,,,0,0
2/20/01,[''],,,,,,,,,0,0
2/23/01,[''],,,,,,,,,0,0
2/27/01,[''],,,,,,,,,0,0
3/2/01,[''],,,,,,,,,0,0
3/6/01,[''],,,,,,,,,21000000,1
3/9/01,[''],,,,,,,,,0,0
3/13/01,[''],,,,,,,,,0,0
3/16/01,[''],,,,,,,,,0,0
3/20/01,[''],,,,,,,,,0,0
3/23/01,[''],,,,,,,,,0,0
3/27/01,[''],,,,,,,,,0,0
3/30/01,[''],,,,,,,,,0,0
4/3/01,[''],,,,,,,,,0,0
4/6/01,[''],,,,,,,,,0,0
4/10/01,[''],,,,,,,,,0,0
4/13/01,[''],,,,,,,,,0,0
4/17/01,[''],,,,,,,,,0,0
4/20/01,[''],,,,,,,,,0,0
4/24/01,[''],,,,,,,,,0,0
4/27/01,[''],,,,,,,,,0,0
5/1/01,[''],,,,,,,,,0,0
5/4/01,[''],,,,,,,,,90000000,1
5/8/01,[''],,,,,,,,,0,0
5/11/01,[''],,,,,,,,,0,0
5/15/01,[''],,,,,,,,,0,0
5/18/01,[''],,,,,,,,,12000000,1
5/22/01,[''],,,,,,,,,0,0
5/25/01,[''],,,,,,,,,0,0
5/29/01,[''],,,,,,,,,0,0
6/1/01,[''],,,,,,,,,0,0
6/5/01,[''],,,,,,,,,0,0
6/8/01,[''],,,,,,,,,0,0
6/12/01,[''],,,,,,,,,0,0
6/15/01,[''],,,,,,,,,0,0
6/19/01,[''],,,,,,,,,28000000,1
6/22/01,[''],,,,,,,,,0,0
6/26/01,[''],,,,,,,,,0,0
6/29/01,[''],,,,,,,,,9000000,1
7/3/01,[''],,,,,,,,,0,0
7/6/01,[''],,,,,,,,,0,0
7/10/01,[''],,,,,,,,,0,0
7/13/01,[''],,,,,,,,,0,0
7/17/01,[''],,,,,,,,,0,0
7/20/01,[''],,,,,,,,,0,0
7/24/01,[''],,,,,,,,,0,0
7/27/01,[''],,,,,,,,,0,0
7/31/01,[''],,,,,,,,,0,0
8/3/01,[''],,,,,,,,,0,0
8/7/01,[''],,,,,,,,,0,0
8/10/01,[''],,,,,,,,,0,0
8/14/01,[''],,,,,,,,,0,0
8/17/01,[''],,,,,,,,,0,0
8/21/01,[''],,,,,,,,,0,0
8/24/01,[''],,,,,,,,,0,0
8/28/01,[''],,,,,,,,,0,0
8/31/01,[''],,,,,,,,,115000000,2
9/4/01,[''],,,,,,,,,0,0
9/7/01,[''],,,,,,,,,0,0
9/11/01,[''],,,,,,,,,0,0
9/14/01,[''],,,,,,,,,0,0
9/18/01,[''],,,,,,,,,0,0
9/21/01,[''],,,,,,,,,0,0
9/25/01,[''],,,,,,,,,0,0
9/28/01,[''],,,,,,,,,0,0
10/2/01,[''],,,,,,,,,0,0
10/5/01,[''],,,,,,,,,0,0
10/9/01,[''],,,,,,,,,0,0
10/12/01,[''],,,,,,,,,0,0
10/16/01,[''],,,,,,,,,53000000,1
10/19/01,[''],,,,,,,,,0,0
10/23/01,[''],,,,,,,,,0,0
10/26/01,[''],,,,,,,,,0,0
10/30/01,[''],,,,,,,,,11000000,1
11/2/01,[''],,,,,,,,,0,0
11/6/01,[''],,,,,,,,,0,0
11/9/01,[''],,,,,,,,,9000000,1
11/13/01,[''],,,,,,,,,5000000,1
11/16/01,[''],,,,,,,,,0,0
11/20/01,[''],,,,,,,,,0,0
11/23/01,[''],,,,,,,,,0,0
11/27/01,[''],,,,,,,,,0,0
11/30/01,[''],,,,,,,,,0,0
12/4/01,[''],,,,,,,,,0,0
12/7/01,[''],,,,,,,,,0,0
12/11/01,[''],,,,,,,,,0,0
12/14/01,[''],,,,,,,,,0,0
12/18/01,[''],,,,,,,,,0,0
12/21/01,[''],,,,,,,,,0,0
12/25/01,[''],,,,,,,,,0,0
12/28/01,[''],,,,,,,,,0,0
1/1/02,[''],,,,,,,,,0,0
1/4/02,[''],,,,,,,,,0,0
1/8/02,[''],,,,,,,,,0,0
1/11/02,[''],,,,,,,,,80000000,1
1/15/02,[''],,,,,,,,,0,0
1/18/02,[''],,,,,,,,,0,0
1/22/02,[''],,,,,,,,,0,0
1/25/02,[''],,,,,,,,,0,0
1/29/02,[''],,,,,,,,,0,0
2/1/02,[''],,,,,,,,,0,0
2/5/02,[''],,,,,,,,,23000000,1
2/8/02,[''],,,,,,,,,0,0
2/12/02,[''],,,,,,,,,0,0
2/15/02,[''],,,,,,,,,0,0
2/19/02,[''],,,,,,,,,0,0
2/22/02,[''],,,,,,,,,0,0
2/26/02,[''],,,,,,,,,0,0
3/1/02,[''],,,,,,,,,0,0
3/5/02,[''],,,,,,,,,0,0
3/8/02,[''],,,,,,,,,0,0
3/12/02,[''],,,,,,,,,0,0
3/15/02,[''],,,,,,,,,0,0
3/19/02,[''],,,,,,,,,0,0
3/22/02,[''],,,,,,,,,0,0
3/26/02,[''],,,,,,,,,0,0
3/29/02,[''],,,,,,,,,0,0
4/2/02,[''],,,,,,,,,0,0
4/5/02,[''],,,,,,,,,0,0
4/9/02,[''],,,,,,,,,0,0
4/12/02,[''],,,,,,,,,0,0
4/16/02,[''],,,,,,,,,331000000,3
4/19/02,[''],,,,,,,,,0,0
4/23/02,[''],,,,,,,,,0,0
4/26/02,[''],,,,,,,,,12000000,1
4/30/02,[''],,,,,,,,,0,0
5/3/02,[''],,,,,,,,,0,0
5/7/02,[''],,,,,,,,,0,0
5/10/02,[''],,,,,,,,,0,0
5/14/02,[''],,,,,,,,,0,0
5/17/02,[''],,,,,,,,,27000000,1
5/21/02,[''],,,,,,,,,0,0
5/24/02,[''],,,,,,,,,12000000,1
5/28/02,[''],,,,,,,,,0,0
5/31/02,[''],,,,,,,,,0,0
6/4/02,[''],,,,,,,,,0,0
6/7/02,[''],,,,,,,,,0,0
6/11/02,[''],,,,,,,,,0,0
6/14/02,[''],,,,,,,,,0,0
6/18/02,[''],,,,,,,,,0,0
6/21/02,[''],,,,,,,,,0,0
6/25/02,[''],,,,,,,,,0,0
6/28/02,[''],,,,,,,,,0,0
7/2/02,[''],,,,,,,,,0,0
7/5/02,[''],,,,,,,,,0,0
7/9/02,[''],,,,,,,,,0,0
7/12/02,[''],,,,,,,,,0,0
7/16/02,[''],,,,,,,,,165000000,1
7/19/02,[''],,,,,,,,,0,0
7/23/02,[''],,,,,,,,,0,0
7/26/02,[''],,,,,,,,,0,0
7/30/02,[''],,,,,,,,,0,0
8/2/02,[''],,,,,,,,,0,0
8/6/02,[''],,,,,,,,,0,0
8/9/02,[''],,,,,,,,,0,0
8/13/02,[''],,,,,,,,,0,0
8/16/02,[''],,,,,,,,,0,0
8/20/02,[''],,,,,,,,,0,0
8/23/02,[''],,,,,,,,,0,0
8/27/02,[''],,,,,,,,,105000000,1
8/30/02,[''],,,,,,,,,0,0
9/3/02,[''],,,,,,,,,0,0
9/6/02,[''],,,,,,,,,17000000,1
9/10/02,[''],,,,,,,,,0,0
9/13/02,[''],,,,,,,,,0,0
9/17/02,[''],,,,,,,,,0,0
9/20/02,[''],,,,,,,,,0,0
9/24/02,[''],,,,,,,,,0,0
9/27/02,[''],,,,,,,,,37000000,1
10/1/02,[''],,,,,,,,,0,0
10/4/02,[''],,,,,,,,,0,0
10/8/02,[''],,,,,,,,,0,0
10/11/02,[''],,,,,,,,,0,0
10/15/02,[''],,,,,,,,,0,0
10/18/02,[''],,,,,,,,,0,0
10/22/02,[''],,,,,,,,,0,0
10/25/02,[''],,,,,,,,,0,0
10/29/02,[''],,,,,,,,,0,0
11/1/02,[''],,,,,,,,,0,0
11/5/02,[''],,,,,,,,,0,0
11/8/02,[''],,,,,,,,,93000000,1
11/12/02,[''],,,,,,,,,0,0
11/15/02,[''],,,,,,,,,0,0
11/19/02,[''],,,,,,,,,16000000,1
11/22/02,[''],,,,,,,,,0,0
11/26/02,[''],,,,,,,,,0,0
11/29/02,[''],,,,,,,,,0,0
12/3/02,[''],,,,,,,,,0,0
12/6/02,[''],,,,,,,,,0,0
12/10/02,[''],,,,,,,,,0,0
12/13/02,[''],,,,,,,,,0,0
12/17/02,[''],,,,,,,,,0,0
12/20/02,[''],,,,,,,,,0,0
12/24/02,[''],,,,,,,,,63000000,1
12/27/02,[''],,,,,,,,,0,0
12/31/02,[''],,,,,,,,,0,0
1/3/03,[''],,,,,,,,,0,0
1/7/03,[''],,,,,,,,,0,0
1/10/03,[''],,,,,,,,,0,0
1/14/03,[''],,,,,,,,,0,0
1/17/03,[''],,,,,,,,,0,0
1/21/03,[''],,,,,,,,,0,0
1/24/03,[''],,,,,,,,,0,0
1/28/03,[''],,,,,,,,,0,0
1/31/03,[''],,,,,,,,,0,0
2/4/03,[''],,,,,,,,,0,0
2/7/03,[''],,,,,,,,,0,0
2/11/03,[''],,,,,,,,,125000000,1
2/14/03,[''],,,,,,,,,0,0
2/18/03,[''],,,,,,,,,12000000,1
2/21/03,[''],,,,,,,,,0,0
2/25/03,[''],,,,,,,,,0,0
2/28/03,[''],,,,,,,,,0,0
3/4/03,[''],,,,,,,,,0,0
3/7/03,[''],,,,,,,,,0,0
3/11/03,[''],,,,,,,,,0,0
3/14/03,[''],,,,,,,,,42000000,1
3/18/03,[''],,,,,,,,,0,0
3/21/03,[''],,,,,,,,,0,0
3/25/03,[''],,,,,,,,,0,0
3/28/03,[''],,,,,,,,,20000000,1
4/1/03,[''],,,,,,,,,0,0
4/4/03,[''],,,,,,,,,0,0
4/8/03,[''],,,,,,,,,0,0
4/11/03,[''],,,,,,,,,0,0
4/15/03,[''],,,,,,,,,0,0
4/18/03,[''],,,,,,,,,0,0
4/22/03,[''],,,,,,,,,0,0
4/25/03,[''],,,,,,,,,46000000,1
4/29/03,[''],,,,,,,,,0,0
5/2/03,[''],,,,,,,,,0,0
5/6/03,[''],,,,,,,,,0,0
5/9/03,[''],,,,,,,,,0,0
5/13/03,[''],,,,,,,,,0,0
5/16/03,[''],,,,,,,,,0,0
5/20/03,[''],,,,,,,,,0,0
5/23/03,[''],,,,,,,,,0,0
5/27/03,[''],,,,,,,,,0,0
5/30/03,[''],,,,,,,,,0,0
6/3/03,[''],,,,,,,,,0,0
6/6/03,[''],,,,,,,,,0,0
6/10/03,[''],,,,,,,,,0,0
6/13/03,[''],,,,,,,,,0,0
6/17/03,[''],,,,,,,,,0,0
6/20/03,[''],,,,,,,,,180000000,1
6/24/03,[''],,,,,,,,,0,0
6/27/03,[''],,,,,,,,,0,0
7/1/03,[''],,,,,,,,,0,0
7/4/03,[''],,,,,,,,,0,0
7/8/03,[''],,,,,,,,,0,0
7/11/03,[''],,,,,,,,,34000000,1
7/15/03,[''],,,,,,,,,0,0
7/18/03,[''],,,,,,,,,0,0
7/22/03,[''],,,,,,,,,0,0
7/25/03,[''],,,,,,,,,0,0
7/29/03,[''],,,,,,,,,0,0
8/1/03,[''],,,,,,,,,0,0
8/5/03,[''],,,,,,,,,0,0
8/8/03,[''],,,,,,,,,50000000,1
8/12/03,[''],,,,,,,,,0,0
8/15/03,[''],,,,,,,,,0,0
8/19/03,[''],,,,,,,,,0,0
8/22/03,[''],,,,,,,,,0,0
8/26/03,[''],,,,,,,,,0,0
8/29/03,[''],,,,,,,,,0,0
9/2/03,[''],,,,,,,,,0,0
9/5/03,[''],,,,,,,,,0,0
9/9/03,[''],,,,,,,,,0,0
9/12/03,[''],,,,,,,,,0,0
9/16/03,[''],,,,,,,,,0,0
9/19/03,[''],,,,,,,,,0,0
9/23/03,[''],,,,,,,,,0,0
9/26/03,[''],,,,,,,,,0,0
9/30/03,[''],,,,,,,,,150000000,1
10/3/03,[''],,,,,,,,,0,0
10/7/03,[''],,,,,,,,,12000000,1
10/10/03,[''],,,,,,,,,0,0
10/14/03,[''],,,,,,,,,0,0
10/17/03,[''],,,,,,,,,0,0
10/21/03,[''],,,,,,,,,0,0
10/24/03,[''],,,,,,,,,0,0
10/28/03,[''],,,,,,,,,0,0
10/31/03,[''],,,,,,,,,0,0
11/4/03,[''],,,,,,,,,0,0
11/7/03,[''],,,,,,,,,0,0
11/11/03,[''],,,,,,,,,70000000,3
11/14/03,[''],,,,,,,,,0,0
11/18/03,[''],,,,,,,,,0,0
11/21/03,[''],,,,,,,,,0,0
11/25/03,[''],,,,,,,,,0,0
11/28/03,[''],,,,,,,,,0,0
12/2/03,[''],,,,,,,,,0,0
12/5/03,[''],,,,,,,,,0,0
12/9/03,[''],,,,,,,,,0,0
12/12/03,[''],,,,,,,,,0,0
12/16/03,[''],,,,,,,,,0,0
12/19/03,[''],,,,,,,,,0,0
12/23/03,[''],,,,,,,,,0,0
12/26/03,[''],,,,,,,,,0,0
12/30/03,[''],,,,,,,,,155000000,1
1/2/04,[''],,,,,,,,,0,0
1/6/04,[''],,,,,,,,,0,0
1/9/04,[''],,,,,,,,,0,0
1/13/04,[''],,,,,,,,,0,0
1/16/04,[''],,,,,,,,,0,0
1/20/04,[''],,,,,,,,,0,0
1/23/04,[''],,,,,,,,,0,0
1/27/04,[''],,,,,,,,,0,0
1/30/04,[''],,,,,,,,,0,0
2/3/04,[''],,,,,,,,,0,0
2/6/04,[''],,,,,,,,,0,0
2/10/04,[''],,,,,,,,,0,0
2/13/04,[''],,,,,,,,,0,0
2/17/04,[''],,,,,,,,,0,0
2/20/04,[''],,,,,,,,,239000000,1
2/24/04,[''],,,,,,,,,0,0
2/27/04,[''],,,,,,,,,0,0
3/2/04,[''],,,,,,,,,20000000,1
3/5/04,[''],,,,,,,,,0,0
3/9/04,[''],,,,,,,,,0,0
3/12/04,[''],,,,,,,,,0,0
3/16/04,[''],,,,,,,,,0,0
3/19/04,[''],,,,,,,,,0,0
3/23/04,[''],,,,,,,,,0,0
3/26/04,[''],,,,,,,,,0,0
3/30/04,[''],,,,,,,,,0,0
4/2/04,[''],,,,,,,,,0,0
4/6/04,[''],,,,,,,,,0,0
4/9/04,[''],,,,,,,,,105000000,1
4/13/04,[''],,,,,,,,,0,0
4/16/04,[''],,,,,,,,,0,0
4/20/04,[''],,,,,,,,,0,0
4/23/04,[''],,,,,,,,,0,0
4/27/04,[''],,,,,,,,,0,0
4/30/04,[''],,,,,,,,,0,0
5/4/04,[''],,,,,,,,,0,0
5/7/04,[''],,,,,,,,,66000000,1
5/11/04,[' '],,,,,,,,,0,0
5/14/04,[' '],,,,,,,,,0,0
5/18/04,[' '],,,,,,,,,0,0
5/21/04,[' '],,,,,,,,,0,0
5/25/04,[' '],,,,,,,,,0,0
5/28/04,[' '],,,,,,,,,0,0
6/1/04,[' '],,,,,,,,,0,0
6/4/04,[' '],,,,,,,,,0,0
6/8/04,[' '],,,,,,,,,0,0
6/11/04,[' '],,,,,,,,,0,0
6/15/04,[' '],,,,,,,,,0,0
6/18/04,[' '],,,,,,,,,0,0
6/22/04,[' '],,,,,,,,,0,0
6/25/04,[' '],,,,,,,,,0,0
6/29/04,[' '],,,,,,,,,0,0
7/2/04,[' 1  Massachusetts'],1,MA,,,,,,,294000000,1
7/6/04,[' '],,,,,,,,,0,0
7/9/04,[' '],,,,,,,,,0,0
7/13/04,[' '],,,,,,,,,0,0
7/16/04,[' '],,,,,,,,,0,0
7/20/04,[' '],,,,,,,,,0,0
7/23/04,[' 1  Michigan'],1,MI,,,,,,,47000000,1
7/27/04,[' 1  New York'],1,NY,,,,,,,10000000,1
7/30/04,[' '],,,,,,,,,0,0
8/3/04,[' '],,,,,,,,,0,0
8/6/04,[' '],,,,,,,,,0,0
8/10/04,[' '],,,,,,,,,0,0
8/13/04,[' '],,,,,,,,,0,0
8/17/04,[' '],,,,,,,,,0,0
8/20/04,[' 1  Ohio'],1,OH,,,,,,,52000000,1
8/24/04,[' '],,,,,,,,,0,0
8/27/04,[' '],,,,,,,,,0,0
8/31/04,[' '],,,,,,,,,0,0
9/3/04,[' '],,,,,,,,,0,0
9/7/04,[' '],,,,,,,,,0,0
9/10/04,[' '],,,,,,,,,0,0
9/14/04,[' '],,,,,,,,,0,0
9/17/04,[' '],,,,,,,,,0,0
9/21/04,[' '],,,,,,,,,0,0
9/24/04,[' '],,,,,,,,,0,0
9/28/04,[' '],,,,,,,,,0,0
10/1/04,[' 1  Texas'],1,TX,,,,,,,101000000,1
10/5/04,[' '],,,,,,,,,0,0
10/8/04,[' '],,,,,,,,,0,0
10/12/04,[' '],,,,,,,,,0,0
10/15/04,[' '],,,,,,,,,0,0
10/19/04,[' '],,,,,,,,,0,0
10/22/04,[' '],,,,,,,,,0,0
10/26/04,[' '],,,,,,,,,0,0
10/29/04,[' '],,,,,,,,,0,0
11/2/04,[' '],,,,,,,,,0,0
11/5/04,[' '],,,,,,,,,0,0
11/9/04,[' '],,,,,,,,,0,0
11/12/04,[' '],,,,,,,,,0,0
11/16/04,[' '],,,,,,,,,0,0
11/19/04,[' 1  New York'],1,NY,,,,,,,149000000,1
11/23/04,[' '],,,,,,,,,0,0
11/26/04,[' '],,,,,,,,,0,0
11/30/04,[' '],,,,,,,,,0,0
12/3/04,[' 1  New Jersey'],1,NJ,,,,,,,24000000,1
12/7/04,[' '],,,,,,,,,0,0
12/10/04,[' '],,,,,,,,,0,0
12/14/04,[' '],,,,,,,,,0,0
12/17/04,[' '],,,,,,,,,0,0
12/21/04,[' '],,,,,,,,,0,0
12/24/04,[' '],,,,,,,,,0,0
12/28/04,[' '],,,,,,,,,0,0
12/31/04,[' '],,,,,,,,,0,0
1/4/05,[' '],,,,,,,,,0,0
1/7/05,[' '],,,,,,,,,0,0
1/11/05,[' '],,,,,,,,,0,0
1/14/05,[' '],,,,,,,,,0,0
1/18/05,[' 1  Georgia'],1,GA,,,,,,,130000000,1
1/21/05,[' '],,,,,,,,,0,0
1/25/05,[' '],,,,,,,,,0,0
1/28/05,[' '],,,,,,,,,0,0
2/1/05,[' '],,,,,,,,,0,0
2/4/05,[' '],,,,,,,,,0,0
2/8/05,[' '],,,,,,,,,0,0
2/11/05,[' '],,,,,,,,,0,0
2/15/05,[' '],,,,,,,,,0,0
2/18/05,[' '],,,,,,,,,0,0
2/22/05,[' '],,,,,,,,,0,0
2/25/05,[' '],,,,,,,,,0,0
3/1/05,[' 1  Texas'],1,TX,,,,,,,112000000,1
3/4/05,[' '],,,,,,,,,0,0
3/8/05,[' '],,,,,,,,,0,0
3/11/05,[' '],,,,,,,,,0,0
3/15/05,[' '],,,,,,,,,0,0
3/18/05,[' '],,,,,,,,,0,0
3/22/05,[' '],,,,,,,,,0,0
3/25/05,[' '],,,,,,,,,0,0
3/29/05,[' '],,,,,,,,,0,0
4/1/05,[' '],,,,,,,,,0,0
4/5/05,[' '],,,,,,,,,0,0
4/8/05,[' '],,,,,,,,,0,0
4/12/05,[' '],,,,,,,,,0,0
4/15/05,[' '],,,,,,,,,0,0
4/19/05,[' '],,,,,,,,,0,0
4/22/05,[' 1  Michigan'],1,MI,,,,,,,205000000,1
4/26/05,[' '],,,,,,,,,0,0
4/29/05,[' '],,,,,,,,,0,0
5/3/05,[' '],,,,,,,,,0,0
5/6/05,[' '],,,,,,,,,0,0
5/10/05,[' '],,,,,,,,,0,0
5/13/05,[' '],,,,,,,,,0,0
5/17/05,[' '],,,,,,,,,0,0
5/20/05,[' '],,,,,,,,,0,0
5/24/05,[' '],,,,,,,,,0,0
5/27/05,[' '],,,,,,,,,0,0
5/31/05,[' '],,,,,,,,,0,0
6/3/05,[' 1  Ohio'],1,OH,,,,,,,106000000,1
6/7/05,[' '],,,,,,,,,0,0
6/10/05,[' '],,,,,,,,,0,0
6/14/05,[' '],,,,,,,,,0,0
6/17/05,[' '],,,,,,,,,0,0
6/21/05,[' '],,,,,,,,,0,0
6/24/05,[' '],,,,,,,,,0,0
6/28/05,[' '],,,,,,,,,0,0
7/1/05,[' '],,,,,,,,,0,0
7/5/05,[' '],,,,,,,,,0,0
7/8/05,[' '],,,,,,,,,0,0
7/12/05,[' '],,,,,,,,,0,0
7/15/05,[' '],,,,,,,,,0,0
7/19/05,[' '],,,,,,,,,0,0
7/22/05,[' 1  Ohio'],1,OH,,,,,,,170000000,1
7/26/05,[' '],,,,,,,,,0,0
7/29/05,[' '],,,,,,,,,0,0
8/2/05,[' '],,,,,,,,,0,0
8/5/05,[' '],,,,,,,,,0,0
8/9/05,[' '],,,,,,,,,0,0
8/12/05,[' '],,,,,,,,,0,0
8/16/05,[' '],,,,,,,,,0,0
8/19/05,[' '],,,,,,,,,0,0
8/23/05,[' '],,,,,,,,,0,0
8/26/05,[' '],,,,,,,,,0,0
8/30/05,[' '],,,,,,,,,0,0
9/2/05,[' '],,,,,,,,,0,0
9/6/05,[' '],,,,,,,,,0,0
9/9/05,[' '],,,,,,,,,0,0
9/13/05,[' '],,,,,,,,,0,0
9/16/05,[' 1  New Jersey'],1,NJ,,,,,,,258000000,1
9/20/05,[' '],,,,,,,,,0,0
9/23/05,[' '],,,,,,,,,0,0
9/27/05,[' '],,,,,,,,,0,0
9/30/05,[' '],,,,,,,,,0,0
10/4/05,[' '],,,,,,,,,0,0
10/7/05,[' '],,,,,,,,,0,0
10/11/05,[' '],,,,,,,,,0,0
10/14/05,[' '],,,,,,,,,0,0
10/18/05,[' '],,,,,,,,,0,0
10/21/05,[' '],,,,,,,,,0,0
10/25/05,[' '],,,,,,,,,0,0
10/28/05,[' '],,,,,,,,,0,0
11/1/05,[' '],,,,,,,,,0,0
11/4/05,[' '],,,,,,,,,0,0
11/8/05,[' '],,,,,,,,,0,0
11/11/05,[' '],,,,,,,,,0,0
11/15/05,[' 1  California'],1,CA,,,,,,,315000000,1
11/18/05,[' '],,,,,,,,,0,0
11/22/05,[' '],,,,,,,,,0,0
11/25/05,[' '],,,,,,,,,0,0
11/29/05,"[' 1  California', ' 1  Michigan']",1,CA,1,MI,,,,,35000000,2
12/2/05,[' '],,,,,,,,,0,0
12/6/05,[' '],,,,,,,,,0,0
12/9/05,[' '],,,,,,,,,0,0
12/13/05,[' '],,,,,,,,,0,0
12/16/05,[' '],,,,,,,,,0,0
12/20/05,[' '],,,,,,,,,0,0
12/23/05,[' '],,,,,,,,,0,0
12/27/05,[' '],,,,,,,,,0,0
12/30/05,[' 1  California'],1,CA,,,,,,,88000000,1
1/3/06,[' '],,,,,,,,,0,0
1/6/06,[' 1  Ohio'],1,OH,,,,,,,15000000,1
1/10/06,[' '],,,,,,,,,0,0
1/13/06,[' '],,,,,,,,,0,0
1/17/06,[' '],,,,,,,,,0,0
1/20/06,[' '],,,,,,,,,0,0
1/24/06,[' '],,,,,,,,,0,0
1/27/06,[' '],,,,,,,,,0,0
1/31/06,[' '],,,,,,,,,0,0
2/3/06,[' '],,,,,,,,,0,0
2/7/06,[' '],,,,,,,,,0,0
2/10/06,[' '],,,,,,,,,0,0
2/14/06,[' '],,,,,,,,,0,0
2/17/06,[' '],,,,,,,,,0,0
2/21/06,[' '],,,,,,,,,0,0
2/24/06,[' '],,,,,,,,,0,0
2/28/06,[' 1  Ohio'],1,OH,,,,,,,270000000,1
3/3/06,[' '],,,,,,,,,0,0
3/7/06,[' '],,,,,,,,,0,0
3/10/06,[' '],,,,,,,,,0,0
3/14/06,[' '],,,,,,,,,0,0
3/17/06,[' '],,,,,,,,,0,0
3/21/06,[' '],,,,,,,,,0,0
3/24/06,[' '],,,,,,,,,0,0
3/28/06,[' '],,,,,,,,,0,0
3/31/06,[' '],,,,,,,,,0,0
4/4/06,[' '],,,,,,,,,0,0
4/7/06,[' '],,,,,,,,,0,0
4/11/06,[' '],,,,,,,,,0,0
4/14/06,[' '],,,,,,,,,0,0
4/18/06,[' 1  Ohio'],1,OH,,,,,,,265000000,1
4/21/06,[' '],,,,,,,,,0,0
4/25/06,[' '],,,,,,,,,0,0
4/28/06,[' '],,,,,,,,,0,0
5/2/06,[' '],,,,,,,,,0,0
5/5/06,[' '],,,,,,,,,0,0
5/9/06,[' '],,,,,,,,,0,0
5/12/06,[' '],,,,,,,,,0,0
5/16/06,[' 1  Texas'],1,TX,,,,,,,94000000,1
5/19/06,[' '],,,,,,,,,0,0
5/23/06,[' '],,,,,,,,,0,0
5/26/06,[' '],,,,,,,,,0,0
5/30/06,[' '],,,,,,,,,0,0
6/2/06,[' 1  New Jersey'],1,NJ,,,,,,,47000000,1
6/6/06,[' '],,,,,,,,,0,0
6/9/06,[' '],,,,,,,,,0,0
6/13/06,[' '],,,,,,,,,0,0
6/16/06,[' 1  California'],1,CA,,,,,,,34000000,1
6/20/06,[' '],,,,,,,,,0,0
6/23/06,[' '],,,,,,,,,0,0
6/27/06,[' 1  Ohio'],1,OH,,,,,,,23000000,1
6/30/06,[' '],,,,,,,,,0,0
7/4/06,[' '],,,,,,,,,0,0
7/7/06,[' '],,,,,,,,,0,0
7/11/06,[' '],,,,,,,,,0,0
7/14/06,[' '],,,,,,,,,0,0
7/18/06,[' 1  Maryland'],1,MD,,,,,,,49000000,1
7/21/06,[' '],,,,,,,,,0,0
7/25/06,[' '],,,,,,,,,0,0
7/28/06,[' '],,,,,,,,,0,0
8/1/06,[' 1  New York'],1,NY,,,,,,,31000000,1
8/4/06,[' '],,,,,,,,,0,0
8/8/06,[' '],,,,,,,,,0,0
8/11/06,[' '],,,,,,,,,0,0
8/15/06,[' '],,,,,,,,,0,0
8/18/06,[' '],,,,,,,,,0,0
8/22/06,[' '],,,,,,,,,0,0
8/25/06,[' '],,,,,,,,,0,0
8/29/06,[' '],,,,,,,,,0,0
9/1/06,[' '],,,,,,,,,0,0
9/5/06,[' '],,,,,,,,,0,0
9/8/06,[' '],,,,,,,,,0,0
9/12/06,[' '],,,,,,,,,0,0
9/15/06,[' 1  Georgia'],1,GA,,,,,,,163000000,1
9/19/06,[' 1  New York'],1,NY,,,,,,,12000000,1
9/22/06,[' '],,,,,,,,,0,0
9/26/06,[' 1  New Jersey'],1,NJ,,,,,,,15000000,1
9/29/06,[' '],,,,,,,,,0,0
10/3/06,[' '],,,,,,,,,0,0
10/6/06,[' '],,,,,,,,,0,0
10/10/06,[' '],,,,,,,,,0,0
10/13/06,[' '],,,,,,,,,0,0
10/17/06,[' 1  Washington'],1,WA,,,,,,,55000000,1
10/20/06,[' '],,,,,,,,,0,0
10/24/06,[' '],,,,,,,,,0,0
10/27/06,[' '],,,,,,,,,0,0
10/31/06,[' '],,,,,,,,,0,0
11/3/06,[' '],,,,,,,,,0,0
11/7/06,[' '],,,,,,,,,0,0
11/10/06,[' '],,,,,,,,,0,0
11/14/06,[' 1  Michigan'],1,MI,,,,,,,75000000,1
11/17/06,[' '],,,,,,,,,0,0
11/21/06,[' '],,,,,,,,,0,0
11/24/06,[' '],,,,,,,,,0,0
11/28/06,[' '],,,,,,,,,0,0
12/1/06,[' 1  Ohio'],1,OH,,,,,,,40000000,1
12/5/06,[' '],,,,,,,,,0,0
12/8/06,[' '],,,,,,,,,0,0
12/12/06,[' '],,,,,,,,,0,0
12/15/06,[' '],,,,,,,,,0,0
12/19/06,[' '],,,,,,,,,0,0
12/22/06,[' '],,,,,,,,,0,0
12/26/06,[' '],,,,,,,,,0,0
12/29/06,[' '],,,,,,,,,0,0
1/2/07,[' '],,,,,,,,,0,0
1/5/07,[' '],,,,,,,,,0,0
1/9/07,[' 1  Texas'],1,TX,,,,,,,122000000,1
1/12/07,[' '],,,,,,,,,0,0
1/16/07,[' '],,,,,,,,,0,0
1/19/07,[' '],,,,,,,,,0,0
1/23/07,[' '],,,,,,,,,0,0
1/26/07,[' '],,,,,,,,,0,0
1/30/07,[' '],,,,,,,,,0,0
2/2/07,[' '],,,,,,,,,0,0
2/6/07,[' '],,,,,,,,,0,0
2/9/07,[' '],,,,,,,,,0,0
2/13/07,[' '],,,,,,,,,0,0
2/16/07,[' '],,,,,,,,,0,0
2/20/07,[' '],,,,,,,,,0,0
2/23/07,[' '],,,,,,,,,0,0
2/27/07,[' '],,,,,,,,,0,0
3/2/07,[' '],,,,,,,,,0,0
3/6/07,"[' 1  Georgia', ' 1  New Jersey']",1,GA,1,NJ,,,,,390000000,2
3/9/07,[' '],,,,,,,,,0,0
3/13/07,[' '],,,,,,,,,0,0
3/16/07,[' '],,,,,,,,,0,0
3/20/07,[' '],,,,,,,,,0,0
3/23/07,[' '],,,,,,,,,0,0
3/27/07,[' '],,,,,,,,,0,0
3/30/07,[' '],,,,,,,,,0,0
4/3/07,[' '],,,,,,,,,0,0
4/6/07,[' 1  New York'],1,NY,,,,,,,105000000,1
4/10/07,[' '],,,,,,,,,0,0
4/13/07,[' '],,,,,,,,,0,0
4/17/07,[' '],,,,,,,,,0,0
4/20/07,[' '],,,,,,,,,0,0
4/24/07,[' '],,,,,,,,,0,0
4/27/07,[' '],,,,,,,,,0,0
5/1/07,[' '],,,,,,,,,0,0
5/4/07,[' '],,,,,,,,,0,0
5/8/07,[' '],,,,,,,,,0,0
5/11/07,[' 1  California'],1,CA,,,,,,,112000000,1
5/15/07,[' '],,,,,,,,,0,0
5/18/07,[' '],,,,,,,,,0,0
5/22/07,[' '],,,,,,,,,0,0
5/25/07,[' '],,,,,,,,,0,0
5/29/07,[' 1  Virginia'],1,VA,,,,,,,44000000,1
6/1/07,[' '],,,,,,,,,0,0
6/5/07,[' '],,,,,,,,,0,0
6/8/07,[' '],,,,,,,,,0,0
6/12/07,[' '],,,,,,,,,0,0
6/15/07,[' '],,,,,,,,,0,0
6/19/07,[' '],,,,,,,,,0,0
6/22/07,[' '],,,,,,,,,0,0
6/26/07,[' '],,,,,,,,,0,0
6/29/07,[' '],,,,,,,,,0,0
7/3/07,[' '],,,,,,,,,0,0
7/6/07,[' 1  Texas'],1,TX,,,,,,,126000000,1
7/10/07,[' '],,,,,,,,,0,0
7/13/07,[' '],,,,,,,,,0,0
7/17/07,[' '],,,,,,,,,0,0
7/20/07,[' '],,,,,,,,,0,0
7/24/07,[' '],,,,,,,,,0,0
7/27/07,[' '],,,,,,,,,0,0
7/31/07,[' '],,,,,,,,,0,0
8/3/07,[' '],,,,,,,,,0,0
8/7/07,[' '],,,,,,,,,0,0
8/10/07,[' '],,,,,,,,,0,0
8/14/07,[' '],,,,,,,,,0,0
8/17/07,[' '],,,,,,,,,0,0
8/21/07,[' '],,,,,,,,,0,0
8/24/07,[' '],,,,,,,,,0,0
8/28/07,[' '],,,,,,,,,0,0
8/31/07,"[' 1  Maryland', ' 1  New Jersey', ' 1  Texas', ' 1  Virginia']",1,MD,1,NJ,1,TX,1,VA,330000000,4
9/4/07,[' '],,,,,,,,,0,0
9/7/07,[' '],,,,,,,,,0,0
9/11/07,[' '],,,,,,,,,0,0
9/14/07,[' '],,,,,,,,,0,0
9/18/07,[' '],,,,,,,,,0,0
9/21/07,[' 1  California'],1,CA,,,,,,,60000000,1
9/25/07,[' 1  New Jersey'],1,NJ,,,,,,,12000000,1
9/28/07,[' '],,,,,,,,,0,0
10/2/07,[' '],,,,,,,,,0,0
10/5/07,[' 1  Maryland'],1,MD,,,,,,,26000000,1
10/9/07,[' '],,,,,,,,,0,0
10/12/07,[' '],,,,,,,,,0,0
10/16/07,[' '],,,,,,,,,0,0
10/19/07,[' '],,,,,,,,,0,0
10/23/07,[' '],,,,,,,,,0,0
10/26/07,[' '],,,,,,,,,0,0
10/30/07,[' '],,,,,,,,,0,0
11/2/07,[' 1  New York'],1,NY,,,,,,,75000000,1
11/6/07,[' '],,,,,,,,,0,0
11/9/07,[' '],,,,,,,,,0,0
11/13/07,[' '],,,,,,,,,0,0
11/16/07,[' '],,,,,,,,,0,0
11/20/07,[' '],,,,,,,,,0,0
11/23/07,[' '],,,,,,,,,0,0
11/27/07,[' '],,,,,,,,,0,0
11/30/07,[' '],,,,,,,,,0,0
12/4/07,[' '],,,,,,,,,0,0
12/7/07,[' '],,,,,,,,,0,0
12/11/07,[' '],,,,,,,,,0,0
12/14/07,[' '],,,,,,,,,0,0
12/18/07,"[' 1  Illinois', ' 1  New Jersey']",1,IL,1,NJ,,,,,163000000,2
12/21/07,[' '],,,,,,,,,0,0
12/25/07,[' '],,,,,,,,,0,0
12/28/07,[' '],,,,,,,,,0,0
1/1/08,[' 1  Texas'],1,TX,,,,,,,33000000,1
1/4/08,[' '],,,,,,,,,0,0
1/8/08,[' '],,,,,,,,,0,0
1/11/08,[' '],,,,,,,,,0,0
1/15/08,[' '],,,,,,,,,0,0
1/18/08,[' '],,,,,,,,,0,0
1/22/08,[' '],,,,,,,,,0,0
1/25/08,[' '],,,,,,,,,0,0
1/29/08,[' '],,,,,,,,,0,0
2/1/08,[' '],,,,,,,,,0,0
2/5/08,[' '],,,,,,,,,0,0
2/8/08,[' '],,,,,,,,,0,0
2/12/08,[' '],,,,,,,,,0,0
2/15/08,[' '],,,,,,,,,0,0
2/19/08,[' '],,,,,,,,,0,0
2/22/08,[' 1  Georgia'],1,GA,,,,,,,275000000,1
2/26/08,[' '],,,,,,,,,0,0
2/29/08,[' '],,,,,,,,,0,0
3/4/08,[' '],,,,,,,,,0,0
3/7/08,[' '],,,,,,,,,0,0
3/11/08,[' '],,,,,,,,,0,0
3/14/08,[' '],,,,,,,,,0,0
3/18/08,[' '],,,,,,,,,0,0
3/21/08,[' '],,,,,,,,,0,0
3/25/08,[' '],,,,,,,,,0,0
3/28/08,[' '],,,,,,,,,0,0
4/1/08,[' 1  Michigan'],1,MI,,,,,,,135000000,1
4/4/08,[' '],,,,,,,,,0,0
4/8/08,[' '],,,,,,,,,0,0
4/11/08,[' '],,,,,,,,,0,0
4/15/08,[' '],,,,,,,,,0,0
4/18/08,[' '],,,,,,,,,0,0
4/22/08,[' '],,,,,,,,,0,0
4/25/08,[' '],,,,,,,,,0,0
4/29/08,[' '],,,,,,,,,0,0
5/2/08,[' '],,,,,,,,,0,0
5/6/08,[' '],,,,,,,,,0,0
5/9/08,[' '],,,,,,,,,0,0
5/13/08,[' '],,,,,,,,,0,0
5/16/08,[' 1  Ohio'],1,OH,,,,,,,196000000,1
5/20/08,[' '],,,,,,,,,0,0
5/23/08,"[' 1  Illinois', ' 1  New York']",1,IL,1,NY,,,,,17000000,2
5/27/08,[' '],,,,,,,,,0,0
5/30/08,[' '],,,,,,,,,0,0
6/3/08,[' '],,,,,,,,,0,0
6/6/08,[' '],,,,,,,,,0,0
6/10/08,[' '],,,,,,,,,0,0
6/13/08,[' 1  Michigan'],1,MI,,,,,,,56000000,1
6/17/08,[' '],,,,,,,,,0,0
6/20/08,[' '],,,,,,,,,0,0
6/24/08,[' '],,,,,,,,,0,0
6/27/08,[' '],,,,,,,,,0,0
7/1/08,[' '],,,,,,,,,0,0
7/4/08,[' '],,,,,,,,,0,0
7/8/08,[' '],,,,,,,,,0,0
7/11/08,[' '],,,,,,,,,0,0
7/15/08,[' '],,,,,,,,,0,0
7/18/08,[' '],,,,,,,,,0,0
7/22/08,[' 1  New Jersey'],1,NJ,,,,,,,125000000,1
7/25/08,[' '],,,,,,,,,0,0
7/29/08,[' '],,,,,,,,,0,0
8/1/08,[' '],,,,,,,,,0,0
8/5/08,[' '],,,,,,,,,0,0
8/8/08,[' '],,,,,,,,,0,0
8/12/08,[' '],,,,,,,,,0,0
8/15/08,[' '],,,,,,,,,0,0
8/19/08,[' '],,,,,,,,,0,0
8/22/08,[' '],,,,,,,,,0,0
8/26/08,[' '],,,,,,,,,0,0
8/29/08,[' 1  Georgia'],1,GA,,,,,,,132000000,1
9/2/08,[' '],,,,,,,,,0,0
9/5/08,[' '],,,,,,,,,0,0
9/9/08,[' 1  Maryland'],1,MD,,,,,,,24000000,1
9/12/08,[' '],,,,,,,,,0,0
9/16/08,[' 1  Ohio'],1,OH,,,,,,,15000000,1
9/19/08,[' '],,,,,,,,,0,0
9/23/08,[' '],,,,,,,,,0,0
9/26/08,[' '],,,,,,,,,0,0
9/30/08,[' '],,,,,,,,,0,0
10/3/08,[' 1  Michigan'],1,MI,,,,,,,42000000,1
10/7/08,[' '],,,,,,,,,0,0
10/10/08,[' '],,,,,,,,,0,0
10/14/08,[' '],,,,,,,,,0,0
10/17/08,[' '],,,,,,,,,0,0
10/21/08,[' 1  Georgia'],1,GA,,,,,,,42000000,1
10/24/08,[' '],,,,,,,,,0,0
10/28/08,[' '],,,,,,,,,0,0
10/31/08,[' '],,,,,,,,,0,0
11/4/08,[' '],,,,,,,,,0,0
11/7/08,[' '],,,,,,,,,0,0
11/11/08,[' '],,,,,,,,,0,0
11/14/08,[' '],,,,,,,,,0,0
11/18/08,[' '],,,,,,,,,0,0
11/21/08,[' '],,,,,,,,,0,0
11/25/08,[' '],,,,,,,,,0,0
11/28/08,[' '],,,,,,,,,0,0
12/2/08,[' '],,,,,,,,,0,0
12/5/08,[' '],,,,,,,,,0,0
12/9/08,[' '],,,,,,,,,0,0
12/12/08,[' 1  Ohio'],1,OH,,,,,,,207000000,1
12/16/08,[' '],,,,,,,,,0,0
12/19/08,[' '],,,,,,,,,0,0
12/23/08,[' '],,,,,,,,,0,0
12/26/08,[' '],,,,,,,,,0,0
12/30/08,[' '],,,,,,,,,0,0
1/2/09,[' 1  California'],1,CA,,,,,,,46000000,1
1/6/09,[' '],,,,,,,,,0,0
1/9/09,[' '],,,,,,,,,0,0
1/13/09,[' 1  New York'],1,NY,,,,,,,22000000,1
1/16/09,[' '],,,,,,,,,0,0
1/20/09,[' '],,,,,,,,,0,0
1/23/09,[' '],,,,,,,,,0,0
1/27/09,[' '],,,,,,,,,0,0
1/30/09,[' '],,,,,,,,,0,0
2/3/09,[' '],,,,,,,,,0,0
2/6/09,[' '],,,,,,,,,0,0
2/10/09,[' '],,,,,,,,,0,0
2/13/09,[' '],,,,,,,,,0,0
2/17/09,[' '],,,,,,,,,0,0
2/20/09,[' '],,,,,,,,,0,0
2/24/09,[' '],,,,,,,,,0,0
2/27/09,[' '],,,,,,,,,0,0
3/3/09,[' 1  New Jersey'],1,NJ,,,,,,,212000000,1
3/6/09,[' '],,,,,,,,,0,0
3/10/09,[' '],,,,,,,,,0,0
3/13/09,[' 1  New York'],1,NY,,,,,,,26000000,1
3/17/09,[' '],,,,,,,,,0,0
3/20/09,[' '],,,,,,,,,0,0
3/24/09,[' '],,,,,,,,,0,0
3/27/09,[' '],,,,,,,,,0,0
3/31/09,[' '],,,,,,,,,0,0
4/3/09,[' '],,,,,,,,,0,0
4/7/09,[' '],,,,,,,,,0,0
4/10/09,[' '],,,,,,,,,0,0
4/14/09,[' '],,,,,,,,,0,0
4/17/09,[' '],,,,,,,,,0,0
4/21/09,[' '],,,,,,,,,0,0
4/24/09,[' '],,,,,,,,,0,0
4/28/09,[' '],,,,,,,,,0,0
5/1/09,"[' 1  California', ' 1  Ohio', ' 1  Virginia']",1,CA,1,OH,1,VA,,,225000000,3
5/5/09,[' '],,,,,,,,,0,0
5/8/09,[' '],,,,,,,,,0,0
5/12/09,[' '],,,,,,,,,0,0
5/15/09,"[' 1  California', ' 1  Virginia']",1,CA,1,VA,,,,,38000000,2
5/19/09,[' '],,,,,,,,,0,0
5/22/09,[' '],,,,,,,,,0,0
5/26/09,[' '],,,,,,,,,0,0
5/29/09,[' 1  New York'],1,NY,,,,,,,35000000,1
6/2/09,[' '],,,,,,,,,0,0
6/5/09,[' '],,,,,,,,,0,0
6/9/09,[' '],,,,,,,,,0,0
6/12/09,[' '],,,,,,,,,0,0
6/16/09,[' '],,,,,,,,,0,0
6/19/09,[' '],,,,,,,,,0,0
6/23/09,[' '],,,,,,,,,0,0
6/26/09,[' '],,,,,,,,,0,0
6/30/09,[' '],,,,,,,,,0,0
7/3/09,[' '],,,,,,,,,0,0
7/7/09,[' 1  New York'],1,NY,,,,,,,133000000,1
7/10/09,[' '],,,,,,,,,0,0
7/14/09,[' '],,,,,,,,,0,0
7/17/09,[' '],,,,,,,,,0,0
7/21/09,[' '],,,,,,,,,0,0
7/24/09,[' '],,,,,,,,,0,0
7/28/09,[' '],,,,,,,,,0,0
7/31/09,[' '],,,,,,,,,0,0
8/4/09,[' '],,,,,,,,,0,0
8/7/09,[' '],,,,,,,,,0,0
8/11/09,[' '],,,,,,,,,0,0
8/14/09,[' '],,,,,,,,,0,0
8/18/09,[' '],,,,,,,,,0,0
8/21/09,[' '],,,,,,,,,0,0
8/25/09,[' '],,,,,,,,,0,0
8/28/09,"[' 1  California', ' 1  New York']",1,CA,1,NY,,,,,336000000,2
9/1/09,[' 1  Georgia'],1,GA,,,,,,,12000000,1
9/4/09,[' '],,,,,,,,,0,0
9/8/09,[' '],,,,,,,,,0,0
9/11/09,[' '],,,,,,,,,0,0
9/15/09,[' '],,,,,,,,,0,0
9/18/09,[' '],,,,,,,,,0,0
9/22/09,[' '],,,,,,,,,0,0
9/25/09,[' '],,,,,,,,,0,0
9/29/09,[' '],,,,,,,,,0,0
10/2/09,[' '],,,,,,,,,0,0
10/6/09,[' '],,,,,,,,,0,0
10/9/09,[' '],,,,,,,,,0,0
10/13/09,[' '],,,,,,,,,0,0
10/16/09,[' 1  Virginia'],1,VA,,,,,,,200000000,1
10/20/09,[' '],,,,,,,,,0,0
10/23/09,[' '],,,,,,,,,0,0
10/27/09,[' '],,,,,,,,,0,0
10/30/09,[' '],,,,,,,,,0,0
11/3/09,[' '],,,,,,,,,0,0
11/6/09,[' '],,,,,,,,,0,0
11/10/09,"[' 1  California', ' 1  New Jersey']",1,CA,1,NJ,,,,,77000000,2
11/13/09,[' '],,,,,,,,,0,0
11/17/09,[' '],,,,,,,,,0,0
11/20/09,[' '],,,,,,,,,0,0
11/24/09,[' '],,,,,,,,,0,0
11/27/09,[' '],,,,,,,,,0,0
12/1/09,[' '],,,,,,,,,0,0
12/4/09,[' '],,,,,,,,,0,0
12/8/09,[' '],,,,,,,,,0,0
12/11/09,[' '],,,,,,,,,0,0
12/15/09,[' '],,,,,,,,,0,0
12/18/09,[' '],,,,,,,,,0,0
12/22/09,[' 1  New York'],1,NY,,,,,,,162000000,1
12/25/09,[' '],,,,,,,,,0,0
12/29/09,[' '],,,,,,,,,0,0
1/1/10,[' '],,,,,,,,,0,0
1/5/10,[' '],,,,,,,,,0,0
1/8/10,[' '],,,,,,,,,0,0
1/12/10,[' '],,,,,,,,,0,0
1/15/10,[' '],,,,,,,,,0,0
1/19/10,[' '],,,,,,,,,0,0
1/22/10,[' '],,,,,,,,,0,0
1/26/10,[' '],,,,,,,,,0,0
1/29/10,[' 1  Texas'],1,TX,,,,,,,144000000,1
2/2/10,[' '],,,,,,,,,0,0
2/5/10,[' '],,,,,,,,,0,0
2/9/10,[' '],,,,,,,,,0,0
2/12/10,[' '],,,,,,,,,0,0
2/16/10,[' '],,,,,,,,,0,0
2/19/10,[' '],,,,,,,,,0,0
2/23/10,[' '],,,,,,,,,0,0
2/26/10,[' '],,,,,,,,,0,0
3/2/10,[' '],,,,,,,,,0,0
3/5/10,[' 1  California'],1,CA,,,,,,,133000000,1
3/9/10,[' '],,,,,,,,,0,0
3/12/10,[' 1  Illinois'],1,IL,,,,,,,20000000,1
3/16/10,[' '],,,,,,,,,0,0
3/19/10,[' '],,,,,,,,,0,0
3/23/10,[' '],,,,,,,,,0,0
3/26/10,[' '],,,,,,,,,0,0
3/30/10,[' '],,,,,,,,,0,0
4/2/10,[' '],,,,,,,,,0,0
4/6/10,[' '],,,,,,,,,0,0
4/9/10,[' '],,,,,,,,,0,0
4/13/10,[' '],,,,,,,,,0,0
4/16/10,[' '],,,,,,,,,0,0
4/20/10,[' '],,,,,,,,,0,0
4/23/10,[' '],,,,,,,,,0,0
4/27/10,[' '],,,,,,,,,0,0
4/30/10,[' '],,,,,,,,,0,0
5/4/10,[' 1  California'],1,CA,,,,,,,266000000,1
5/7/10,[' '],,,,,,,,,0,0
5/11/10,[' '],,,,,,,,,0,0
5/14/10,[' '],,,,,,,,,0,0
5/18/10,[' '],,,,,,,,,0,0
5/21/10,[' '],,,,,,,,,0,0
5/25/10,[' 1  New York'],1,NY,,,,,,,64000000,1
5/28/10,[' 1  North Carolina'],1,NC,,,,,,,12000000,1
6/1/10,[' '],,,,,,,,,0,0
6/4/10,[' '],,,,,,,,,0,0
6/8/10,[' '],,,,,,,,,0,0
6/11/10,[' 1  Michigan'],1,MI,,,,,,,36000000,1
6/15/10,[' '],,,,,,,,,0,0
6/18/10,[' '],,,,,,,,,0,0
6/22/10,[' 1  New York'],1,NY,,,,,,,26000000,1
6/25/10,[' '],,,,,,,,,0,0
6/29/10,[' '],,,,,,,,,0,0
7/2/10,[' '],,,,,,,,,0,0
7/6/10,[' '],,,,,,,,,0,0
7/9/10,[' '],,,,,,,,,0,0
7/13/10,[' '],,,,,,,,,0,0
7/16/10,[' 1  California'],1,CA,,,,,,,64000000,1
7/20/10,[' '],,,,,,,,,0,0
7/23/10,[' '],,,,,,,,,0,0
7/27/10,[' '],,,,,,,,,0,0
7/30/10,[' '],,,,,,,,,0,0
8/3/10,[' '],,,,,,,,,0,0
8/6/10,[' '],,,,,,,,,0,0
8/10/10,[' '],,,,,,,,,0,0
8/13/10,[' '],,,,,,,,,0,0
8/17/10,[' '],,,,,,,,,0,0
8/20/10,[' '],,,,,,,,,0,0
8/24/10,[' '],,,,,,,,,0,0
8/27/10,[' 1  California'],1,CA,,,,,,,133000000,1
8/31/10,[' '],,,,,,,,,0,0
9/3/10,[' '],,,,,,,,,0,0
9/7/10,[' '],,,,,,,,,0,0
9/10/10,[' '],,,,,,,,,0,0
9/14/10,[' '],,,,,,,,,0,0
9/17/10,[' 1  New York'],1,NY,,,,,,,54000000,1
9/21/10,[' '],,,,,,,,,0,0
9/24/10,[' '],,,,,,,,,0,0
9/28/10,[' '],,,,,,,,,0,0
10/1/10,[' '],,,,,,,,,0,0
10/5/10,[' '],,,,,,,,,0,0
10/8/10,[' '],,,,,,,,,0,0
10/12/10,[' '],,,,,,,,,0,0
10/15/10,[' '],,,,,,,,,0,0
10/19/10,[' '],,,,,,,,,0,0
10/22/10,[' '],,,,,,,,,0,0
10/26/10,[' '],,,,,,,,,0,0
10/29/10,[' 1  Michigan'],1,MI,,,,,,,140000000,1
11/2/10,[' '],,,,,,,,,0,0
11/5/10,[' '],,,,,,,,,0,0
11/9/10,[' 1  Ohio'],1,OH,,,,,,,25000000,1
11/12/10,[' '],,,,,,,,,0,0
11/16/10,[' '],,,,,,,,,0,0
11/19/10,[' '],,,,,,,,,0,0
11/23/10,[' '],,,,,,,,,0,0
11/26/10,[' '],,,,,,,,,0,0
11/30/10,[' '],,,,,,,,,0,0
12/3/10,[' '],,,,,,,,,0,0
12/7/10,[' '],,,,,,,,,0,0
12/10/10,[' '],,,,,,,,,0,0
12/14/10,[' '],,,,,,,,,0,0
12/17/10,[' '],,,,,,,,,0,0
12/21/10,[' '],,,,,,,,,0,0
12/24/10,[' '],,,,,,,,,0,0
12/28/10,[' '],,,,,,,,,0,0
12/31/10,[' '],,,,,,,,,0,0
1/4/11,"[' 1  Idaho', ' 1  Washington']",1,ID,1,WA,,,,,380000000,2
1/7/11,[' '],,,,,,,,,0,0
1/11/11,[' '],,,,,,,,,0,0
1/14/11,[' '],,,,,,,,,0,0
1/18/11,[' '],,,,,,,,,0,0
1/21/11,[' '],,,,,,,,,0,0
1/25/11,[' '],,,,,,,,,0,0
1/28/11,[' '],,,,,,,,,0,0
2/1/11,"[' 1  Indiana', ' 1  Michigan']",1,IN,1,MI,,,,,91000000,2
2/4/11,[' '],,,,,,,,,0,0
2/8/11,[' '],,,,,,,,,0,0
2/11/11,[' '],,,,,,,,,0,0
2/15/11,[' '],,,,,,,,,0,0
2/18/11,[' '],,,,,,,,,0,0
2/22/11,[' '],,,,,,,,,0,0
2/25/11,[' '],,,,,,,,,0,0
3/1/11,[' '],,,,,,,,,0,0
3/4/11,[' '],,,,,,,,,0,0
3/8/11,[' '],,,,,,,,,0,0
3/11/11,[' '],,,,,,,,,0,0
3/15/11,[' '],,,,,,,,,0,0
3/18/11,[' '],,,,,,,,,0,0
3/22/11,[' '],,,,,,,,,0,0
3/25/11,[' 1  New York'],1,NY,,,,,,,319000000,1
3/29/11,[' '],,,,,,,,,0,0
4/1/11,[' '],,,,,,,,,0,0
4/5/11,[' '],,,,,,,,,0,0
4/8/11,[' '],,,,,,,,,0,0
4/12/11,[' '],,,,,,,,,0,0
4/15/11,[' 1  New York'],1,NY,,,,,,,72000000,1
4/19/11,[' '],,,,,,,,,0,0
4/22/11,[' '],,,,,,,,,0,0
4/26/11,[' '],,,,,,,,,0,0
4/29/11,[' '],,,,,,,,,0,0
5/3/11,[' 1  California'],1,CA,,,,,,,51000000,1
5/6/11,[' '],,,,,,,,,0,0
5/10/11,[' '],,,,,,,,,0,0
5/13/11,[' 1  Michigan'],1,MI,,,,,,,27000000,1
5/17/11,[' '],,,,,,,,,0,0
5/20/11,[' '],,,,,,,,,0,0
5/24/11,[' '],,,,,,,,,0,0
5/27/11,[' 1  Texas'],1,TX,,,,,,,35000000,1
5/31/11,[' '],,,,,,,,,0,0
6/3/11,[' '],,,,,,,,,0,0
6/7/11,[' '],,,,,,,,,0,0
6/10/11,[' '],,,,,,,,,0,0
6/14/11,[' '],,,,,,,,,0,0
6/17/11,[' '],,,,,,,,,0,0
6/21/11,[' '],,,,,,,,,0,0
6/24/11,[' '],,,,,,,,,0,0
6/28/11,[' '],,,,,,,,,0,0
7/1/11,[' 1  Virginia'],1,VA,,,,,,,105000000,1
7/5/11,[' '],,,,,,,,,0,0
7/8/11,[' '],,,,,,,,,0,0
7/12/11,[' '],,,,,,,,,0,0
7/15/11,[' '],,,,,,,,,0,0
7/19/11,[' '],,,,,,,,,0,0
7/22/11,[' '],,,,,,,,,0,0
7/26/11,[' '],,,,,,,,,0,0
7/29/11,[' '],,,,,,,,,0,0
8/2/11,[' '],,,,,,,,,0,0
8/5/11,[' 1  Ohio'],1,OH,,,,,,,99000000,1
8/9/11,[' '],,,,,,,,,0,0
8/12/11,[' '],,,,,,,,,0,0
8/16/11,[' '],,,,,,,,,0,0
8/19/11,[' 1  Massachusetts'],1,MA,,,,,,,32000000,1
8/23/11,[' '],,,,,,,,,0,0
8/26/11,[' '],,,,,,,,,0,0
8/30/11,[' '],,,,,,,,,0,0
9/2/11,[' '],,,,,,,,,0,0
9/6/11,[' '],,,,,,,,,0,0
9/9/11,[' '],,,,,,,,,0,0
9/13/11,[' '],,,,,,,,,0,0
9/16/11,[' '],,,,,,,,,0,0
9/20/11,[' '],,,,,,,,,0,0
9/23/11,[' '],,,,,,,,,0,0
9/27/11,[' '],,,,,,,,,0,0
9/30/11,"[' 1  California', ' 1  North Carolina']",1,CA,1,NC,,,,,113000000,2
10/4/11,[' '],,,,,,,,,0,0
10/7/11,[' '],,,,,,,,,0,0
10/11/11,[' '],,,,,,,,,0,0
10/14/11,[' '],,,,,,,,,0,0
10/18/11,[' '],,,,,,,,,0,0
10/21/11,[' '],,,,,,,,,0,0
10/25/11,[' '],,,,,,,,,0,0
10/28/11,[' '],,,,,,,,,0,0
11/1/11,[' 1  California'],1,CA,,,,,,,78000000,1
11/4/11,[' '],,,,,,,,,0,0
11/8/11,[' '],,,,,,,,,0,0
11/11/11,[' '],,,,,,,,,0,0
11/15/11,[' '],,,,,,,,,0,0
11/18/11,[' '],,,,,,,,,0,0
11/22/11,[' '],,,,,,,,,0,0
11/25/11,[' '],,,,,,,,,0,0
11/29/11,[' '],,,,,,,,,0,0
12/2/11,[' '],,,,,,,,,0,0
12/6/11,[' '],,,,,,,,,0,0
12/9/11,[' '],,,,,,,,,0,0
12/13/11,[' '],,,,,,,,,0,0
12/16/11,[' '],,,,,,,,,0,0
12/20/11,[' '],,,,,,,,,0,0
12/23/11,[' '],,,,,,,,,0,0
12/27/11,[' 1  New York'],1,NY,,,,,,,206000000,1
12/30/11,[' '],,,,,,,,,0,0
1/3/12,[' '],,,,,,,,,0,0
1/6/12,[' '],,,,,,,,,0,0
1/10/12,[' '],,,,,,,,,0,0
1/13/12,[' '],,,,,,,,,0,0
1/17/12,[' '],,,,,,,,,0,0
1/20/12,[' '],,,,,,,,,0,0
1/24/12,[' 1  Georgia'],1,GA,,,,,,,71000000,1
1/27/12,[' '],,,,,,,,,0,0
1/31/12,[' '],,,,,,,,,0,0
2/3/12,[' '],,,,,,,,,0,0
2/7/12,[' '],,,,,,,,,0,0
2/10/12,[' '],,,,,,,,,0,0
2/14/12,[' '],,,,,,,,,0,0
2/17/12,[' '],,,,,,,,,0,0
2/21/12,[' '],,,,,,,,,0,0
2/24/12,[' '],,,,,,,,,0,0
2/28/12,[' '],,,,,,,,,0,0
3/2/12,[' '],,,,,,,,,0,0
3/6/12,[' '],,,,,,,,,0,0
3/9/12,[' '],,,,,,,,,0,0
3/13/12,[' '],,,,,,,,,0,0
3/16/12,[' '],,,,,,,,,0,0
3/20/12,[' '],,,,,,,,,0,0
3/23/12,[' '],,,,,,,,,0,0
3/27/12,[' '],,,,,,,,,0,0
3/30/12,"[' 1  Illinois', ' 1  Kansas', ' 1  Maryland']",1,IL,1,KS,1,MD,,,656000000,3
4/3/12,[' '],,,,,,,,,0,0
4/6/12,[' '],,,,,,,,,0,0
4/10/12,[' '],,,,,,,,,0,0
4/13/12,[' '],,,,,,,,,0,0
4/17/12,[' '],,,,,,,,,0,0
4/20/12,[' '],,,,,,,,,0,0
4/24/12,[' '],,,,,,,,,0,0
4/27/12,[' '],,,,,,,,,0,0
5/1/12,[' '],,,,,,,,,0,0
5/4/12,[' 1  Illinois'],1,IL,,,,,,,118000000,1
5/8/12,[' '],,,,,,,,,0,0
5/11/12,[' '],,,,,,,,,0,0
5/15/12,[' 1  California'],1,CA,,,,,,,25000000,1
5/18/12,[' '],,,,,,,,,0,0
5/22/12,[' '],,,,,,,,,0,0
5/25/12,[' '],,,,,,,,,0,0
5/29/12,[' 1  California'],1,CA,,,,,,,32000000,1
6/1/12,[' '],,,,,,,,,0,0
6/5/12,[' '],,,,,,,,,0,0
6/8/12,[' '],,,,,,,,,0,0
6/12/12,[' '],,,,,,,,,0,0
6/15/12,[' '],,,,,,,,,0,0
6/19/12,[' '],,,,,,,,,0,0
6/22/12,[' '],,,,,,,,,0,0
6/26/12,[' '],,,,,,,,,0,0
6/29/12,[' '],,,,,,,,,0,0
7/3/12,[' 1  New York'],1,NY,,,,,,,86000000,1
7/6/12,[' '],,,,,,,,,0,0
7/10/12,[' '],,,,,,,,,0,0
7/13/12,[' '],,,,,,,,,0,0
7/17/12,[' '],,,,,,,,,0,0
7/20/12,[' '],,,,,,,,,0,0
7/24/12,[' '],,,,,,,,,0,0
7/27/12,[' 1  California'],1,CA,,,,,,,52000000,1
7/31/12,[' '],,,,,,,,,0,0
8/3/12,[' '],,,,,,,,,0,0
8/7/12,[' '],,,,,,,,,0,0
8/10/12,[' '],,,,,,,,,0,0
8/14/12,[' '],,,,,,,,,0,0
8/17/12,[' '],,,,,,,,,0,0
8/21/12,[' '],,,,,,,,,0,0
8/24/12,[' '],,,,,,,,,0,0
8/28/12,[' '],,,,,,,,,0,0
8/31/12,[' '],,,,,,,,,0,0
9/4/12,[' '],,,,,,,,,0,0
9/7/12,[' '],,,,,,,,,0,0
9/11/12,[' 1  California'],1,CA,,,,,,,120000000,1
9/14/12,[' '],,,,,,,,,0,0
9/18/12,[' 1  New York'],1,NY,,,,,,,15000000,1
9/21/12,[' '],,,,,,,,,0,0
9/25/12,[' '],,,,,,,,,0,0
9/28/12,[' '],,,,,,,,,0,0
10/2/12,[' '],,,,,,,,,0,0
10/5/12,[' '],,,,,,,,,0,0
10/9/12,[' '],,,,,,,,,0,0
10/12/12,[' '],,,,,,,,,0,0
10/16/12,"[' 1  California', ' 1  Massachusetts']",1,CA,1,MA,,,,,61000000,2
10/19/12,[' '],,,,,,,,,0,0
10/23/12,[' '],,,,,,,,,0,0
10/26/12,[' '],,,,,,,,,0,0
10/30/12,[' '],,,,,,,,,0,0
11/2/12,[' 1  New York'],1,NY,,,,,,,32000000,1
11/6/12,[' '],,,,,,,,,0,0
11/9/12,[' '],,,,,,,,,0,0
11/13/12,[' '],,,,,,,,,0,0
11/16/12,[' '],,,,,,,,,0,0
11/20/12,[' '],,,,,,,,,0,0
11/23/12,[' '],,,,,,,,,0,0
11/27/12,[' 1  Georgia'],1,GA,,,,,,,50000000,1
11/30/12,[' '],,,,,,,,,0,0
12/4/12,[' '],,,,,,,,,0,0
12/7/12,[' '],,,,,,,,,0,0
12/11/12,[' '],,,,,,,,,0,0
12/14/12,[' 1  California'],1,CA,,,,,,,35000000,1
12/18/12,[' '],,,,,,,,,0,0
12/21/12,[' '],,,,,,,,,0,0
12/25/12,[' '],,,,,,,,,0,0
12/28/12,[' '],,,,,,,,,0,0
1/1/13,[' '],,,,,,,,,0,0
1/4/13,[' '],,,,,,,,,0,0
1/8/13,[' '],,,,,,,,,0,0
1/11/13,[' '],,,,,,,,,0,0
1/15/13,[' '],,,,,,,,,0,0
1/18/13,[' '],,,,,,,,,0,0
1/22/13,[' '],,,,,,,,,0,0
1/25/13,[' 1  New Jersey'],1,NJ,,,,,,,89000000,1
1/29/13,[' '],,,,,,,,,0,0
2/1/13,[' '],,,,,,,,,0,0
2/5/13,[' 1  Michigan'],1,MI,,,,,,,19000000,1
2/8/13,[' '],,,,,,,,,0,0
2/12/13,[' '],,,,,,,,,0,0
2/15/13,[' '],,,,,,,,,0,0
2/19/13,[' 1  Maryland'],1,MD,,,,,,,26000000,1
2/22/13,[' '],,,,,,,,,0,0
2/26/13,[' '],,,,,,,,,0,0
3/1/13,[' '],,,,,,,,,0,0
3/5/13,[' '],,,,,,,,,0,0
3/8/13,[' '],,,,,,,,,0,0
3/12/13,[' 1  Ohio'],1,OH,,,,,,,41000000,1
3/15/13,[' '],,,,,,,,,0,0
3/19/13,[' '],,,,,,,,,0,0
3/22/13,[' '],,,,,,,,,0,0
3/26/13,[' '],,,,,,,,,0,0
3/29/13,[' '],,,,,,,,,0,0
4/2/13,[' '],,,,,,,,,0,0
4/5/13,[' '],,,,,,,,,0,0
4/9/13,[' '],,,,,,,,,0,0
4/12/13,[' '],,,,,,,,,0,0
4/16/13,[' '],,,,,,,,,0,0
4/19/13,[' '],,,,,,,,,0,0
4/23/13,[' '],,,,,,,,,0,0
4/26/13,[' '],,,,,,,,,0,0
4/30/13,[' '],,,,,,,,,0,0
5/3/13,[' '],,,,,,,,,0,0
5/7/13,[' '],,,,,,,,,0,0
5/10/13,[' '],,,,,,,,,0,0
5/14/13,[' '],,,,,,,,,0,0
5/17/13,"[' 1  New Jersey', ' 1  Virginia']",1,NJ,1,VA,,,,,190000000,2
5/21/13,[' '],,,,,,,,,0,0
5/24/13,[' '],,,,,,,,,0,0
5/28/13,[' '],,,,,,,,,0,0
5/31/13,[' 1  New Jersey'],1,NJ,,,,,,,30000000,1
6/4/13,[' '],,,,,,,,,0,0
6/7/13,[' '],,,,,,,,,0,0
6/11/13,[' '],,,,,,,,,0,0
6/14/13,[' '],,,,,,,,,0,0
6/18/13,[' '],,,,,,,,,0,0
6/21/13,[' '],,,,,,,,,0,0
6/25/13,[' '],,,,,,,,,0,0
6/28/13,[' '],,,,,,,,,0,0
7/2/13,[' '],,,,,,,,,0,0
7/5/13,[' 1  Michigan'],1,MI,,,,,,,79000000,1
7/9/13,[' '],,,,,,,,,0,0
7/12/13,[' '],,,,,,,,,0,0
7/16/13,[' 1  Texas'],1,TX,,,,,,,20000000,1
7/19/13,[' '],,,,,,,,,0,0
7/23/13,[' '],,,,,,,,,0,0
7/26/13,[' 1  New Jersey'],1,NJ,,,,,,,19000000,1
7/30/13,[' '],,,,,,,,,0,0
8/2/13,[' '],,,,,,,,,0,0
8/6/13,[' '],,,,,,,,,0,0
8/9/13,[' '],,,,,,,,,0,0
8/13/13,[' '],,,,,,,,,0,0
8/16/13,[' '],,,,,,,,,0,0
8/20/13,[' '],,,,,,,,,0,0
8/23/13,[' '],,,,,,,,,0,0
8/27/13,[' '],,,,,,,,,0,0
8/30/13,[' '],,,,,,,,,0,0
9/3/13,[' '],,,,,,,,,0,0
9/6/13,[' '],,,,,,,,,0,0
9/10/13,[' '],,,,,,,,,0,0
9/13/13,[' '],,,,,,,,,0,0
9/17/13,[' '],,,,,,,,,0,0
9/20/13,[' '],,,,,,,,,0,0
9/24/13,[' '],,,,,,,,,0,0
9/27/13,[' '],,,,,,,,,0,0
10/1/13,[' 1  Maryland'],1,MD,,,,,,,189000000,1
10/4/13,[' '],,,,,,,,,0,0
10/8/13,[' '],,,,,,,,,0,0
10/11/13,[' '],,,,,,,,,0,0
10/15/13,[' '],,,,,,,,,0,0
10/18/13,[' '],,,,,,,,,0,0
10/22/13,[' '],,,,,,,,,0,0
10/25/13,[' '],,,,,,,,,0,0
10/29/13,[' '],,,,,,,,,0,0
11/1/13,[' '],,,,,,,,,0,0
11/5/13,[' '],,,,,,,,,0,0
11/8/13,[' '],,,,,,,,,0,0
11/12/13,[' '],,,,,,,,,0,0
11/15/13,[' '],,,,,,,,,0,0
11/19/13,[' '],,,,,,,,,0,0
11/22/13,[' '],,,,,,,,,0,0
11/26/13,[' '],,,,,,,,,0,0
11/29/13,[' '],,,,,,,,,0,0
12/3/13,[' '],,,,,,,,,0,0
12/6/13,[' '],,,,,,,,,0,0
12/10/13,[' '],,,,,,,,,0,0
12/13/13,[' '],,,,,,,,,0,0
12/17/13,"[' 1  California', ' 1  Georgia']",1,CA,1,GA,,,,,636000000,2
12/20/13,[' '],,,,,,,,,0,0
12/24/13,[' '],,,,,,,,,0,0
12/27/13,[' '],,,,,,,,,0,0
12/31/13,[' '],,,,,,,,,0,0
1/3/14,[' 1  Tennessee'],1,TN,,,,,,,61000000,1
1/7/14,[' '],,,,,,,,,0,0
1/10/14,[' '],,,,,,,,,0,0
1/14/14,[' '],,,,,,,,,0,0
1/17/14,[' '],,,,,,,,,0,0
1/21/14,[' '],,,,,,,,,0,0
1/24/14,[' '],,,,,,,,,0,0
1/28/14,[' '],,,,,,,,,0,0
1/31/14,[' '],,,,,,,,,0,0
2/4/14,[' '],,,,,,,,,0,0
2/7/14,[' '],,,,,,,,,0,0
2/11/14,[' '],,,,,,,,,0,0
2/14/14,[' '],,,,,,,,,0,0
2/18/14,[' '],,,,,,,,,0,0
2/21/14,[' '],,,,,,,,,0,0
2/25/14,[' '],,,,,,,,,0,0
2/28/14,[' '],,,,,,,,,0,0
3/4/14,[' '],,,,,,,,,0,0
3/7/14,[' '],,,,,,,,,0,0
3/11/14,[' '],,,,,,,,,0,0
3/14/14,[' '],,,,,,,,,0,0
3/18/14,"[' 1  Florida', ' 1  Maryland']",1,FL,1,MD,,,,,414000000,2
3/21/14,[' '],,,,,,,,,0,0
3/25/14,[' 1  New York'],1,NY,,,,,,,20000000,1
3/28/14,[' '],,,,,,,,,0,0
4/1/14,[' '],,,,,,,,,0,0
4/4/14,[' 1  California'],1,CA,,,,,,,30000000,1
4/8/14,[' '],,,,,,,,,0,0
4/11/14,[' '],,,,,,,,,0,0
4/15/14,[' '],,,,,,,,,0,0
4/18/14,[' '],,,,,,,,,0,0
4/22/14,[' '],,,,,,,,,0,0
4/25/14,[' '],,,,,,,,,0,0
4/29/14,[' '],,,,,,,,,0,0
5/2/14,[' '],,,,,,,,,0,0
5/6/14,[' '],,,,,,,,,0,0
5/9/14,[' '],,,,,,,,,0,0
5/13/14,[' '],,,,,,,,,0,0
5/16/14,[' '],,,,,,,,,0,0
5/20/14,[' 1  Pennsylvania'],1,PA,,,,,,,149000000,1
5/23/14,[' '],,,,,,,,,0,0
5/27/14,[' '],,,,,,,,,0,0
5/30/14,[' '],,,,,,,,,0,0
6/3/14,[' '],,,,,,,,,0,0
6/6/14,[' '],,,,,,,,,0,0
6/10/14,[' '],,,,,,,,,0,0
6/13/14,[' 1  Michigan'],1,MI,,,,,,,66000000,1
6/17/14,[' '],,,,,,,,,0,0
6/20/14,[' '],,,,,,,,,0,0
6/24/14,[' '],,,,,,,,,0,0
6/27/14,[' 1  Texas'],1,TX,,,,,,,33000000,1
7/1/14,[' '],,,,,,,,,0,0
7/4/14,[' '],,,,,,,,,0,0
7/8/14,[' '],,,,,,,,,0,0
7/11/14,[' '],,,,,,,,,0,0
7/15/14,[' '],,,,,,,,,0,0
7/18/14,[' '],,,,,,,,,0,0
7/22/14,[' '],,,,,,,,,0,0
7/25/14,[' '],,,,,,,,,0,0
7/29/14,[' '],,,,,,,,,0,0
8/1/14,[' '],,,,,,,,,0,0
8/5/14,[' '],,,,,,,,,0,0
8/8/14,[' '],,,,,,,,,0,0
8/12/14,[' '],,,,,,,,,0,0
8/15/14,[' '],,,,,,,,,0,0
8/19/14,[' '],,,,,,,,,0,0
8/22/14,[' 1  California'],1,CA,,,,,,,180000000,1
8/26/14,[' '],,,,,,,,,0,0
8/29/14,[' '],,,,,,,,,0,0
9/2/14,[' '],,,,,,,,,0,0
9/5/14,[' '],,,,,,,,,0,0
9/9/14,[' '],,,,,,,,,0,0
9/12/14,[' '],,,,,,,,,0,0
9/16/14,[' '],,,,,,,,,0,0
9/19/14,[' '],,,,,,,,,0,0
9/23/14,[' '],,,,,,,,,0,0
9/26/14,[' '],,,,,,,,,0,0
9/30/14,[' '],,,,,,,,,0,0
10/3/14,[' '],,,,,,,,,0,0
10/7/14,[' '],,,,,,,,,0,0
10/10/14,[' '],,,,,,,,,0,0
10/14/14,[' '],,,,,,,,,0,0
10/17/14,[' '],,,,,,,,,0,0
10/21/14,[' '],,,,,,,,,0,0
10/24/14,[' '],,,,,,,,,0,0
10/28/14,[' '],,,,,,,,,0,0
10/31/14,[' '],,,,,,,,,0,0
11/4/14,[' 1  New York'],1,NY,,,,,,,321000000,1
11/7/14,[' '],,,,,,,,,0,0
11/11/14,[' '],,,,,,,,,0,0
11/14/14,[' '],,,,,,,,,0,0
11/18/14,[' '],,,,,,,,,0,0
11/21/14,[' '],,,,,,,,,0,0
11/25/14,[' '],,,,,,,,,0,0
11/28/14,[' '],,,,,,,,,0,0
12/2/14,[' '],,,,,,,,,0,0
12/5/14,[' '],,,,,,,,,0,0
12/9/14,[' '],,,,,,,,,0,0
12/12/14,[' '],,,,,,,,,0,0
12/16/14,[' '],,,,,,,,,0,0
12/19/14,[' '],,,,,,,,,0,0
12/23/14,[' '],,,,,,,,,0,0
12/26/14,[' '],,,,,,,,,0,0
12/30/14,[' '],,,,,,,,,0,0
1/2/15,[' '],,,,,,,,,0,0
1/6/15,[' '],,,,,,,,,0,0
1/9/15,[' '],,,,,,,,,0,0
1/13/15,[' '],,,,,,,,,0,0
1/16/15,[' 1  Illinois'],1,IL,,,,,,,270000000,1
1/20/15,[' '],,,,,,,,,0,0
1/23/15,[' '],,,,,,,,,0,0
1/27/15,[' '],,,,,,,,,0,0
1/30/15,[' '],,,,,,,,,0,0
2/3/15,[' '],,,,,,,,,0,0
2/6/15,[' '],,,,,,,,,0,0
2/10/15,[' '],,,,,,,,,0,0
2/13/15,[' '],,,,,,,,,0,0
2/17/15,[' '],,,,,,,,,0,0
2/20/15,[' '],,,,,,,,,0,0
2/24/15,[' '],,,,,,,,,0,0
2/27/15,[' 1  New York'],1,NY,,,,,,,127000000,1
3/3/15,[' '],,,,,,,,,0,0
3/6/15,[' '],,,,,,,,,0,0
3/10/15,[' '],,,,,,,,,0,0
3/13/15,[' '],,,,,,,,,0,0
3/17/15,[' '],,,,,,,,,0,0
3/20/15,[' '],,,,,,,,,0,0
3/24/15,[' 1  New York'],1,NY,,,,,,,59000000,1
3/27/15,[' '],,,,,,,,,0,0
3/31/15,[' '],,,,,,,,,0,0
4/3/15,[' '],,,,,,,,,0,0
4/7/15,[' '],,,,,,,,,0,0
4/10/15,[' '],,,,,,,,,0,0
4/14/15,[' '],,,,,,,,,0,0
4/17/15,[' '],,,,,,,,,0,0
4/21/15,[' '],,,,,,,,,0,0
4/24/15,[' '],,,,,,,,,0,0
4/28/15,[' '],,,,,,,,,0,0
5/1/15,[' '],,,,,,,,,0,0
5/5/15,[' '],,,,,,,,,0,0
5/8/15,[' '],,,,,,,,,0,0
5/12/15,[' '],,,,,,,,,0,0
5/15/15,[' '],,,,,,,,,0,0
5/19/15,[' '],,,,,,,,,0,0
5/22/15,[' '],,,,,,,,,0,0
5/26/15,[' '],,,,,,,,,0,0
5/29/15,[' '],,,,,,,,,0,0
6/2/15,[' 1  Illinois'],1,IL,,,,,,,260000000,1
6/5/15,[' '],,,,,,,,,0,0
6/9/15,[' '],,,,,,,,,0,0
6/12/15,[' '],,,,,,,,,0,0
6/16/15,[' '],,,,,,,,,0,0
6/19/15,[' '],,,,,,,,,0,0
6/23/15,[' '],,,,,,,,,0,0
6/26/15,[' '],,,,,,,,,0,0
6/30/15,[' '],,,,,,,,,0,0
7/3/15,[' '],,,,,,,,,0,0
7/7/15,[' '],,,,,,,,,0,0
7/10/15,[' '],,,,,,,,,0,0
7/14/15,[' '],,,,,,,,,0,0
7/17/15,[' '],,,,,,,,,0,0
7/21/15,[' 1  Pennsylvania'],1,PA,,,,,,,152000000,1
7/24/15,[' '],,,,,,,,,0,0
7/28/15,[' '],,,,,,,,,0,0
7/31/15,[' 1  Missouri'],1,MO,,,,,,,25000000,1
8/4/15,[' '],,,,,,,,,0,0
8/7/15,[' '],,,,,,,,,0,0
8/11/15,[' '],,,,,,,,,0,0
8/14/15,[' '],,,,,,,,,0,0
8/18/15,[' '],,,,,,,,,0,0
8/21/15,[' '],,,,,,,,,0,0
8/25/15,[' '],,,,,,,,,0,0
8/28/15,[' '],,,,,,,,,0,0
9/1/15,[' '],,,,,,,,,0,0
9/4/15,[' '],,,,,,,,,0,0
9/8/15,[' '],,,,,,,,,0,0
9/11/15,[' 1  New York'],1,NY,,,,,,,106000000,1
9/15/15,[' '],,,,,,,,,0,0
9/18/15,[' '],,,,,,,,,0,0
9/22/15,[' '],,,,,,,,,0,0
9/25/15,[' '],,,,,,,,,0,0
9/29/15,[' '],,,,,,,,,0,0
10/2/15,[' '],,,,,,,,,0,0
10/6/15,[' '],,,,,,,,,0,0
10/9/15,[' '],,,,,,,,,0,0
10/13/15,[' '],,,,,,,,,0,0
10/16/15,[' '],,,,,,,,,0,0
10/20/15,[' '],,,,,,,,,0,0
10/23/15,[' '],,,,,,,,,0,0
10/27/15,[' '],,,,,,,,,0,0
10/30/15,[' '],,,,,,,,,0,0
11/3/15,[' '],,,,,,,,,0,0
11/6/15,[' '],,,,,,,,,0,0
11/10/15,[' '],,,,,,,,,0,0
11/13/15,[' 1  Ohio'],1,OH,,,,,,,200000000,1
11/17/15,[' '],,,,,,,,,0,0
11/20/15,[' '],,,,,,,,,0,0
11/24/15,[' '],,,,,,,,,0,0
11/27/15,[' '],,,,,,,,,0,0
12/1/15,[' '],,,,,,,,,0,0
12/4/15,[' '],,,,,,,,,0,0
12/8/15,[' '],,,,,,,,,0,0
12/11/15,[' '],,,,,,,,,0,0
12/15/15,[' '],,,,,,,,,0,0
12/18/15,[' '],,,,,,,,,0,0
12/22/15,[' '],,,,,,,,,0,0
12/25/15,[' '],,,,,,,,,0,0
12/29/15,[' '],,,,,,,,,0,0
1/1/16,[' '],,,,,,,,,0,0
1/5/16,[' '],,,,,,,,,0,0
1/8/16,[' 1  New York'],1,NY,,,,,,,165000000,1
1/12/16,[' '],,,,,,,,,0,0
1/15/16,[' '],,,,,,,,,0,0
1/19/16,[' '],,,,,,,,,0,0
1/22/16,[' '],,,,,,,,,0,0
1/26/16,[' '],,,,,,,,,0,0
1/29/16,[' '],,,,,,,,,0,0
2/2/16,[' '],,,,,,,,,0,0
2/5/16,[' '],,,,,,,,,0,0
2/9/16,[' '],,,,,,,,,0,0
2/12/16,[' '],,,,,,,,,0,0
2/16/16,[' '],,,,,,,,,0,0
2/19/16,[' '],,,,,,,,,0,0
2/23/16,[' '],,,,,,,,,0,0
2/26/16,[' '],,,,,,,,,0,0
3/1/16,[' '],,,,,,,,,0,0
3/4/16,[' '],,,,,,,,,0,0
3/8/16,[' 1  Washington'],1,WA,,,,,,,157000000,1
3/11/16,[' '],,,,,,,,,0,0
3/15/16,[' '],,,,,,,,,0,0
3/18/16,[' '],,,,,,,,,0,0
3/22/16,[' '],,,,,,,,,0,0
3/25/16,[' '],,,,,,,,,0,0
3/29/16,[' '],,,,,,,,,0,0
4/1/16,[' '],,,,,,,,,0,0
4/5/16,[' '],,,,,,,,,0,0
4/8/16,[' '],,,,,,,,,0,0
4/12/16,[' '],,,,,,,,,0,0
4/15/16,[' '],,,,,,,,,0,0
4/19/16,[' '],,,,,,,,,0,0
4/22/16,[' '],,,,,,,,,0,0
4/26/16,[' '],,,,,,,,,0,0
4/29/16,[' '],,,,,,,,,0,0
5/3/16,[' '],,,,,,,,,0,0
5/6/16,[' '],,,,,,,,,0,0
5/10/16,[' '],,,,,,,,,0,0
5/13/16,[' '],,,,,,,,,0,0
5/17/16,[' '],,,,,,,,,0,0
5/20/16,[' '],,,,,,,,,0,0
5/24/16,[' '],,,,,,,,,0,0
5/27/16,[' '],,,,,,,,,0,0
5/31/16,[' '],,,,,,,,,0,0
6/3/16,[' '],,,,,,,,,0,0
6/7/16,[' '],,,,,,,,,0,0
6/10/16,[' '],,,,,,,,,0,0
6/14/16,[' '],,,,,,,,,0,0
6/17/16,[' '],,,,,,,,,0,0
6/21/16,[' '],,,,,,,,,0,0
6/24/16,[' '],,,,,,,,,0,0
6/28/16,[' '],,,,,,,,,0,0
7/1/16,[' '],,,,,,,,,0,0
7/5/16,[' '],,,,,,,,,0,0
7/8/16,[' 1  Indiana'],1,IN,,,,,,,536000000,1
7/12/16,[' '],,,,,,,,,0,0
7/15/16,[' '],,,,,,,,,0,0
7/19/16,[' 1  Washington'],1,WA,,,,,,,25000000,1
7/22/16,"[' 1  Georgia', ' 1  Virginia']",1,GA,1,VA,,,,,15000000,2
7/26/16,[' '],,,,,,,,,0,0
7/29/16,[' '],,,,,,,,,0,0
8/2/16,[' '],,,,,,,,,0,0
8/5/16,[' '],,,,,,,,,0,0
8/9/16,[' '],,,,,,,,,0,0
8/12/16,[' '],,,,,,,,,0,0
8/16/16,[' '],,,,,,,,,0,0
8/19/16,[' '],,,,,,,,,0,0
8/23/16,[' '],,,,,,,,,0,0
8/26/16,[' '],,,,,,,,,0,0
8/30/16,[' '],,,,,,,,,0,0
9/2/16,[' '],,,,,,,,,0,0
9/6/16,[' '],,,,,,,,,0,0
9/9/16,[' '],,,,,,,,,0,0
9/13/16,[' '],,,,,,,,,0,0
9/16/16,[' 1  Illinois'],1,IL,,,,,,,133000000,1
9/20/16,[' '],,,,,,,,,0,0
9/23/16,[' '],,,,,,,,,0,0
9/27/16,[' '],,,,,,,,,0,0
9/30/16,[' '],,,,,,,,,0,0
10/4/16,[' '],,,,,,,,,0,0
10/7/16,[' '],,,,,,,,,0,0
10/11/16,[' 1  Texas'],1,TX,,,,,,,49000000,1
10/14/16,[' '],,,,,,,,,0,0
10/18/16,[' '],,,,,,,,,0,0
10/21/16,[' '],,,,,,,,,0,0
10/25/16,[' '],,,,,,,,,0,0
10/28/16,[' '],,,,,,,,,0,0
11/1/16,[' '],,,,,,,,,0,0
11/4/16,[' '],,,,,,,,,0,0
11/8/16,[' '],,,,,,,,,0,0
11/11/16,[' '],,,,,,,,,0,0
11/15/16,[' '],,,,,,,,,0,0
11/18/16,[' 1  Georgia'],1,GA,,,,,,,82000000,1
11/22/16,[' '],,,,,,,,,0,0
11/25/16,[' '],,,,,,,,,0,0
11/29/16,[' '],,,,,,,,,0,0
12/2/16,[' '],,,,,,,,,0,0
12/6/16,[' '],,,,,,,,,0,0
12/9/16,[' '],,,,,,,,,0,0
12/13/16,[' '],,,,,,,,,0,0
12/16/16,[' '],,,,,,,,,0,0
12/20/16,[' '],,,,,,,,,0,0
12/23/16,[' '],,,,,,,,,0,0
12/27/16,[' '],,,,,,,,,0,0
12/30/16,[' '],,,,,,,,,0,0
1/3/17,[' '],,,,,,,,,0,0
1/6/17,[' '],,,,,,,,,0,0
1/10/17,[' '],,,,,,,,,0,0
1/13/17,[' '],,,,,,,,,0,0
1/17/17,[' '],,,,,,,,,0,0
1/20/17,[' '],,,,,,,,,0,0
1/24/17,[' '],,,,,,,,,0,0
1/27/17,[' 1  California'],1,CA,,,,,,,191000000,1
1/31/17,[' '],,,,,,,,,0,0
2/3/17,[' '],,,,,,,,,0,0
2/7/17,[' '],,,,,,,,,0,0
2/10/17,[' '],,,,,,,,,0,0
2/14/17,[' '],,,,,,,,,0,0
2/17/17,[' '],,,,,,,,,0,0
2/21/17,[' '],,,,,,,,,0,0
2/24/17,[' '],,,,,,,,,0,0
2/28/17,[' '],,,,,,,,,0,0
3/3/17,[' '],,,,,,,,,0,0
3/7/17,[' '],,,,,,,,,0,0
3/10/17,[' '],,,,,,,,,0,0
3/14/17,[' '],,,,,,,,,0,0
3/17/17,[' '],,,,,,,,,0,0
3/21/17,[' '],,,,,,,,,0,0
3/24/17,[' '],,,,,,,,,0,0
3/28/17,[' '],,,,,,,,,0,0
3/31/17,[' 1  Arkansas'],1,AR,,,,,,,174000000,1
4/4/17,[' '],,,,,,,,,0,0
4/7/17,[' '],,,,,,,,,0,0
4/11/17,[' '],,,,,,,,,0,0
4/14/17,[' '],,,,,,,,,0,0
4/18/17,[' '],,,,,,,,,0,0
4/21/17,[' '],,,,,,,,,0,0
4/25/17,[' '],,,,,,,,,0,0
4/28/17,[' 1  California'],1,CA,,,,,,,61000000,1
5/2/17,[' '],,,,,,,,,0,0
5/5/17,[' '],,,,,,,,,0,0
5/9/17,[' '],,,,,,,,,0,0
5/12/17,[' '],,,,,,,,,0,0
5/16/17,[' '],,,,,,,,,0,0
5/19/17,[' '],,,,,,,,,0,0
5/23/17,[' '],,,,,,,,,0,0
5/26/17,[' '],,,,,,,,,0,0
5/30/17,[' '],,,,,,,,,0,0
6/2/17,[' '],,,,,,,,,0,0
6/6/17,[' '],,,,,,,,,0,0
6/9/17,[' '],,,,,,,,,0,0
6/13/17,[' '],,,,,,,,,0,0
6/16/17,[' '],,,,,,,,,0,0
6/20/17,[' '],,,,,,,,,0,0
6/23/17,[' '],,,,,,,,,0,0
6/27/17,[' '],,,,,,,,,0,0
6/30/17,[' '],,,,,,,,,0,0
7/4/17,[' '],,,,,,,,,0,0
7/7/17,[' '],,,,,,,,,0,0
7/11/17,[' '],,,,,,,,,0,0
7/14/17,[' '],,,,,,,,,0,0
7/18/17,[' '],,,,,,,,,0,0
7/21/17,[' '],,,,,,,,,0,0
7/25/17,[' '],,,,,,,,,0,0
7/28/17,[' '],,,,,,,,,0,0
8/1/17,[' '],,,,,,,,,0,0
8/4/17,[' '],,,,,,,,,0,0
8/8/17,[' '],,,,,,,,,0,0
8/11/17,[' 1  Illinois'],1,IL,,,,,,,393000000,1
8/15/17,[' '],,,,,,,,,0,0
8/18/17,[' '],,,,,,,,,0,0
8/22/17,[' '],,,,,,,,,0,0
8/25/17,[' '],,,,,,,,,0,0
8/29/17,[' '],,,,,,,,,0,0
9/1/17,[' '],,,,,,,,,0,0
9/5/17,[' '],,,,,,,,,0,0
9/8/17,[' '],,,,,,,,,0,0
9/12/17,[' '],,,,,,,,,0,0
9/15/17,[' '],,,,,,,,,0,0
9/19/17,[' '],,,,,,,,,0,0
9/22/17,[' 1  New York'],1,NY,,,,,,,104000000,1
9/26/17,[' '],,,,,,,,,0,0
9/29/17,[' '],,,,,,,,,0,0
10/3/17,[' '],,,,,,,,,0,0
10/6/17,[' '],,,,,,,,,0,0
10/10/17,[' '],,,,,,,,,0,0
10/13/17,"[' 1  Michigan', ' 1  Rhode Island']",1,MI,1,RI,,,,,43000000,2
10/17/17,[' '],,,,,,,,,0,0
10/20/17,[' '],,,,,,,,,0,0
10/24/17,[' '],,,,,,,,,0,0
10/27/17,[' '],,,,,,,,,0,0
10/31/17,[' '],,,,,,,,,0,0
11/3/17,[' '],,,,,,,,,0,0
11/7/17,[' '],,,,,,,,,0,0
11/10/17,[' '],,,,,,,,,0,0
11/14/17,[' '],,,,,,,,,0,0
11/17/17,[' '],,,,,,,,,0,0
11/21/17,[' '],,,,,,,,,0,0
11/24/17,[' '],,,,,,,,,0,0
11/28/17,[' '],,,,,,,,,0,0
12/1/17,[' '],,,,,,,,,0,0
12/5/17,[' '],,,,,,,,,0,0
12/8/17,[' '],,,,,,,,,0,0
12/12/17,[' '],,,,,,,,,0,0
12/15/17,[' '],,,,,,,,,0,0
12/19/17,[' '],,,,,,,,,0,0
12/22/17,[' '],,,,,,,,,0,0
12/26/17,[' '],,,,,,,,,0,0
12/29/17,[' '],,,,,,,,,0,0
1/2/18,[' '],,,,,,,,,0,0
1/5/18,[' 1  Florida'],1,FL,,,,,,,451000000,1
1/9/18,[' '],,,,,,,,,0,0
1/12/18,[' '],,,,,,,,,0,0
1/16/18,[' '],,,,,,,,,0,0
1/19/18,[' '],,,,,,,,,0,0
1/23/18,[' '],,,,,,,,,0,0
1/26/18,[' '],,,,,,,,,0,0
1/30/18,[' '],,,,,,,,,0,0
2/2/18,[' '],,,,,,,,,0,0
2/6/18,[' '],,,,,,,,,0,0
2/9/18,[' '],,,,,,,,,0,0
2/13/18,[' '],,,,,,,,,0,0
2/16/18,[' '],,,,,,,,,0,0
2/20/18,[' '],,,,,,,,,0,0
2/23/18,[' '],,,,,,,,,0,0
2/27/18,[' '],,,,,,,,,0,0
3/2/18,[' '],,,,,,,,,0,0
3/6/18,[' '],,,,,,,,,0,0
3/9/18,[' '],,,,,,,,,0,0
3/13/18,[' '],,,,,,,,,0,0
3/16/18,[' '],,,,,,,,,0,0
3/20/18,[' '],,,,,,,,,0,0
3/23/18,[' '],,,,,,,,,0,0
3/27/18,[' '],,,,,,,,,0,0
3/30/18,[' 1  New Jersey'],1,NJ,,,,,,,533000000,1
4/3/18,[' '],,,,,,,,,0,0
4/6/18,[' '],,,,,,,,,0,0
4/10/18,[' '],,,,,,,,,0,0
4/13/18,[' '],,,,,,,,,0,0
4/17/18,[' '],,,,,,,,,0,0
4/20/18,[' '],,,,,,,,,0,0
4/24/18,[' '],,,,,,,,,0,0
4/27/18,[' '],,,,,,,,,0,0
5/1/18,[' '],,,,,,,,,0,0
5/4/18,[' 1  Ohio'],1,OH,,,,,,,143000000,1
5/8/18,[' '],,,,,,,,,0,0
5/11/18,[' '],,,,,,,,,0,0
,,153,,19,,3,,1,,,
,,176,,,,,,,,,
,,,,,,,,,,,
,,29,CA,0,CA,0,CA,0,CA,,
,,27,NY,2,NY,0,NY,0,NY,,
,,16,OH,1,OH,0,OH,0,OH,,
,,12,NJ,4,NJ,0,NJ,0,NJ,,
,,13,MI,2,MI,0,MI,0,MI,,
,,6,MD,1,MD,1,MD,0,MD,,
,,2,FL,0,FL,0,FL,0,FL,,
,,9,IL,0,IL,0,IL,0,IL,,
,,1,AR,0,AR,0,AR,0,AR,,
,,11,TX,0,TX,1,TX,0,TX,,
,,11,GA,1,GA,0,GA,0,GA,,
,,2,MA,1,MA,0,MA,0,MA,,
,,3,WA,1,WA,0,WA,0,WA,,
,,2,IN,0,IN,0,IN,0,IN,,
,,1,MO,0,MO,0,MO,0,MO,,
,,2,PA,0,PA,0,PA,0,PA,,
,,1,TN,0,TN,0,TN,0,TN,,
,,1,ID,0,ID,0,ID,0,ID,,
,,0,RI,1,RI,0,RI,0,RI,,
,,3,VA,3,VA,1,VA,1,VA,,
,,0,KS,1,KS,0,KS,0,KS,,
,,1,NC,1,NC,0,NC,0,NC,,
,,,,,,,,,,,
,,,,,,,,,,,
,,,,,,,,,,,
,,29,CA,,,,,,,,
,,29,NY,,,,,,,,
,,17,OH,,,,,,,,
,,16,NJ,,,,,,,,
,,15,MI,,,,,,,,
,,8,MD,,,,,,,,
,,2,FL,,,,,,,,
,,9,IL,,,,,,,,
,,1,AR,,,,,,,,
,,12,TX,,,,,,,,
,,12,GA,,,,,,,,
,,3,MA,,,,,,,,
,,4,WA,,,,,,,,
,,2,IN,,,,,,,,
,,1,MO,,,,,,,,
,,2,PA,,,,,,,,
,,1,TN,,,,,,,,
,,1,ID,,,,,,,,
,,1,RI,,,,,,,,
,,8,VA,,,,,,,,
,,1,KS,,,,,,,,
,,2,NC,,,,,,,,
,,176,,,,,,,,,